month_day,1980,1981,1982,1983,1984,1985,1986,1987,1988,1989,1990,1991,1992,1993,1994,1995,1996,1997,1998,1999,2000,2001,2002,2003,2004,2005,2006,2007,2008,2009,2010,2011,2012,2013,2014,2015,2016,2017,2018,2019,2020,2021,2022,2023,2024
10-01,0.0,0.0,0.0,0.0,0.0,0.0,0.0,0.0,0.0,0.0,0.0,0.0,0.0,0.0,0.0,0.0,0.0,0.0,0.0,0.0,0.0,0.0,0.0,0.0,0.0,0.0,0.0,0.0,0.0,0.0,0.0,0.0,0.0,0.0,0.0,0.0,0.0,0.0,0.0,0.0,0.0,0.0,0.0,0.0,
10-02,0.0,0.0,0.0,0.0,0.0,0.0,0.0,0.0,0.0,0.0,0.0,0.0,0.0,0.0,0.0,0.0,0.0,0.0,0.0,0.0,0.0,0.0,0.0,0.0,0.0,0.0,0.0,0.0,0.0,0.0,0.0,0.0,0.0,0.0,0.0,0.0,0.0,0.0,0.0,0.0,0.0,0.0,0.0,0.0,
10-03,0.0,0.0,0.0,0.0,0.0,0.0,0.0,0.0,0.0,0.0,0.0,0.0,0.0,0.0,0.0,0.0,0.0,0.0,0.0,0.0,0.0,0.0,0.0,0.0,0.0,0.0,0.0,0.0,0.0,0.0,0.0,0.0,0.0,0.0,0.0,0.0,0.0,0.0,0.0,0.0,0.0,0.0,0.0,0.0,
10-04,0.0,0.0,0.0,0.0,0.0,0.0,0.0,0.0,0.0,0.0,0.0,0.0,0.0,0.0,0.0,0.0,0.0,0.0,0.0,0.0,0.0,0.0,0.0,0.0,0.0,0.0,0.0,0.0,0.0,0.2,0.0,0.0,0.0,0.0,0.0,0.0,0.0,0.0,0.0,0.0,0.0,0.0,0.0,0.0,
10-05,0.0,0.0,0.0,0.0,0.0,0.0,0.0,0.0,0.0,0.0,0.0,0.0,0.0,0.0,0.0,0.0,0.0,0.0,0.0,0.0,0.0,0.0,0.0,0.0,0.0,0.0,0.0,0.0,0.0,0.2,0.0,0.0,0.0,0.0,0.0,0.0,0.0,0.0,0.0,0.0,0.0,0.0,0.0,0.0,
10-06,0.0,0.0,0.0,0.0,0.0,0.0,0.0,0.0,0.0,0.0,0.0,0.0,0.0,0.0,0.0,0.0,0.0,0.0,0.0,0.0,0.0,0.0,0.0,0.0,0.0,0.0,0.0,0.0,0.0,0.1,0.0,0.5,0.0,0.0,0.0,0.0,0.0,0.0,0.0,0.0,0.0,0.0,0.0,0.0,
10-07,0.0,0.0,0.0,0.0,0.0,0.0,0.0,0.0,0.0,0.0,0.0,0.0,0.0,0.0,0.0,0.0,0.0,0.0,0.0,0.0,0.0,0.0,0.0,0.0,0.0,0.0,0.0,0.0,0.0,0.0,0.0,0.3,0.0,0.0,0.0,0.0,0.0,0.0,0.0,0.0,0.0,0.0,0.0,0.0,
10-08,0.0,0.0,0.0,0.0,0.0,0.0,0.0,0.0,0.0,0.0,0.0,0.0,0.0,0.0,0.0,0.0,0.0,0.0,0.0,0.0,0.0,0.0,0.0,0.0,0.0,0.0,0.0,0.0,0.0,0.0,0.0,0.0,0.0,0.0,0.0,0.0,0.0,0.0,0.0,0.0,0.0,0.0,0.0,0.0,
10-09,0.0,0.0,0.0,0.0,0.0,0.0,0.0,0.0,0.0,0.0,0.0,0.0,0.0,0.0,0.0,0.0,0.0,0.0,0.0,0.0,0.0,0.0,0.0,0.0,0.0,0.0,0.0,0.0,0.0,0.0,0.0,0.0,0.0,0.0,0.0,0.0,0.0,0.0,0.2,0.0,0.0,0.0,0.0,0.0,
10-10,0.0,0.0,0.0,0.0,0.0,0.0,0.0,0.0,0.0,0.0,0.0,0.0,0.0,0.0,0.0,0.0,0.0,0.0,0.0,0.0,0.0,0.0,0.0,0.0,0.0,0.0,0.0,0.0,0.0,0.0,0.0,0.0,0.0,0.0,0.0,0.0,0.0,0.0,0.0,0.0,0.0,0.0,0.0,0.0,
10-11,0.0,0.0,0.0,0.0,0.05,0.0,0.0,0.0,0.0,0.0,0.0,0.0,0.0,0.0,0.0,0.0,0.0,0.0,0.0,0.0,0.0,0.0,0.0,0.0,0.0,0.0,0.0,0.0,0.05,0.0,0.0,0.0,0.0,0.0,0.0,0.0,0.0,0.0,0.0,0.0,0.0,0.0,0.0,0.0,
10-12,0.0,0.0,0.0,0.0,0.0,0.0,0.0,0.0,0.0,0.0,0.0,0.0,0.0,0.0,0.0,0.0,0.0,0.0,0.0,0.0,0.0,0.0,0.0,0.0,0.0,0.0,0.0,0.0,0.0,0.0,0.0,0.0,0.0,0.0,0.0,0.0,0.0,0.0,0.0,0.0,0.0,0.0,0.0,0.0,
10-13,0.0,0.0,0.0,0.0,0.0,0.0,0.0,0.0,0.0,0.0,0.0,0.0,0.0,0.0,0.0,0.0,0.0,0.0,0.0,0.0,0.0,0.0,0.0,0.0,0.0,0.0,0.0,0.0,0.0,0.0,0.0,0.0,0.0,0.0,0.0,0.0,0.0,0.0,0.0,0.0,0.0,0.0,0.0,0.0,
10-14,0.0,0.0,0.0,0.0,0.0,0.0,0.0,0.0,0.0,0.0,0.0,0.0,0.0,0.0,0.1,0.0,0.0,0.0,0.0,0.0,0.0,0.0,0.0,0.0,0.0,0.0,0.0,0.0,0.0,0.0,0.0,0.0,0.0,0.0,0.0,0.0,0.0,0.0,0.0,0.0,0.0,0.0,0.0,0.0,
10-15,0.0,0.0,0.0,0.0,0.0,0.0,0.0,0.0,0.0,0.0,0.0,0.0,0.0,0.0,0.0,0.0,0.0,0.0,0.0,0.0,0.0,0.0,0.0,0.0,0.0,0.0,0.0,0.0,0.0,0.0,0.0,0.0,0.0,0.0,0.0,0.0,0.0,0.0,0.0,0.0,0.0,0.0,0.0,0.0,
10-16,0.0,0.0,0.0,0.0,0.0,0.05,0.0,0.0,0.0,0.0,0.0,0.0,0.0,0.0,0.0,0.0,0.0,0.0,0.0,0.0,0.0,0.0,0.0,0.0,0.0,0.0,0.0,0.0,0.0,0.0,0.0,0.0,0.0,0.0,0.0,0.0,0.0,0.0,0.0,0.0,0.0,0.0,0.0,0.0,
10-17,0.0,0.0,0.0,0.0,0.35,0.05,0.0,0.0,0.0,0.0,0.0,0.0,0.0,0.0,0.0,0.0,0.0,0.0,0.0,0.0,0.0,0.0,0.0,0.0,0.1,0.0,0.0,0.0,0.0,0.0,0.0,0.0,0.0,0.0,0.0,0.0,0.0,0.0,0.0,0.0,0.0,0.0,0.0,0.0,
10-18,0.0,0.0,0.0,0.0,0.45,0.05,0.0,0.0,0.0,0.0,0.0,0.0,0.0,0.0,0.0,0.0,0.0,0.0,0.0,0.0,0.0,0.0,0.0,0.0,0.0,0.0,0.0,0.0,0.0,0.0,0.0,0.0,0.0,0.0,0.0,0.0,0.15,0.0,0.0,0.0,0.0,0.0,0.0,0.0,
10-19,0.0,0.0,0.0,0.0,0.5,0.05,0.0,0.0,0.0,0.0,0.0,0.0,0.0,0.0,0.0,0.0,0.0,0.0,0.0,0.0,0.0,0.0,0.0,0.0,0.0,0.0,0.0,0.0,0.0,0.0,0.0,0.0,0.0,0.0,0.0,0.0,0.0,0.0,0.0,0.0,0.0,0.0,0.0,0.0,
10-20,0.0,0.0,0.0,0.0,0.55,0.05,0.0,0.0,0.0,0.0,0.0,0.0,0.0,0.0,0.0,0.0,0.0,0.0,0.0,0.0,0.0,0.0,0.0,0.0,0.0,0.0,0.0,0.1,0.0,0.0,0.0,0.0,0.0,0.0,0.0,0.0,0.0,0.2,0.0,0.0,0.0,0.0,0.0,0.0,
10-21,0.0,0.0,0.0,0.0,0.55,0.25,0.0,0.0,0.0,0.0,0.0,0.0,0.0,0.0,0.0,0.0,0.0,0.0,0.0,0.0,0.0,0.0,0.0,0.0,0.0,0.0,0.0,0.1,0.0,0.0,0.0,0.0,0.0,0.0,0.0,0.0,0.0,0.25,0.0,0.0,0.0,0.0,0.0,0.0,
10-22,0.0,0.0,0.0,0.0,0.6,0.65,0.0,0.0,0.0,0.0,0.0,0.0,0.0,0.0,0.0,0.0,0.0,0.0,0.0,0.0,0.0,0.0,0.0,0.0,0.0,0.0,0.0,0.05,0.0,0.0,0.0,0.0,0.2,0.0,0.0,0.0,0.0,0.1,0.0,0.0,0.0,0.0,0.45,0.0,
10-23,0.0,0.0,0.0,0.0,0.6,0.25,0.0,0.0,0.0,0.0,0.0,0.0,0.0,0.0,0.0,0.0,0.0,0.0,0.0,0.0,0.0,0.0,0.0,0.0,0.0,0.0,0.0,0.0,0.0,0.0,0.0,0.0,0.2,0.0,0.0,0.0,0.0,0.0,0.0,0.0,0.0,0.0,0.55,0.0,
10-24,0.0,0.0,0.0,0.0,0.45,0.1,0.0,0.0,0.0,0.1,0.0,0.0,0.0,0.0,0.0,0.0,0.4,0.0,0.0,0.0,0.0,0.0,0.0,0.0,0.05,0.0,0.0,0.0,0.0,0.0,0.2,0.0,0.3,0.0,0.0,0.0,0.0,0.0,0.0,0.0,0.0,0.0,0.55,0.0,
10-25,0.0,0.0,0.05,0.0,0.55,0.1,0.0,0.0,0.0,0.35,0.0,0.25,0.0,0.0,0.0,0.0,0.5,0.0,0.0,0.0,0.0,0.0,0.0,0.0,0.0,0.0,0.0,0.0,0.0,0.0,0.1,0.0,0.4,0.0,0.0,0.0,0.0,0.0,0.0,0.0,0.0,0.35,0.0,0.0,
10-26,0.0,0.0,0.2,0.0,0.5,0.05,0.0,0.0,0.0,0.45,0.0,0.4499999999999999,0.0,0.0,0.0,0.0,0.45,0.0,0.0,0.0,0.1,0.0,0.0,0.0,0.0,0.0,0.0,0.0,0.0,0.0,0.5,0.0,0.4,0.0,0.0,0.0,0.0,0.0,0.0,0.0,0.0,0.3,0.0,0.0,
10-27,0.0,0.0,0.3,0.0,0.5,0.05,0.0,0.0,0.0,0.8,0.0,0.6000000000000001,0.0,0.0,0.0,0.0,0.4,0.0,0.0,0.0,0.0,0.0,0.0,0.0,0.0,0.0,0.0,0.0,0.0,0.0,0.6,0.0,0.4,0.0,0.0,0.0,0.0,0.0,0.0,0.0,0.0,0.05,0.0,0.0,
10-28,0.0,0.2,0.4,0.0,0.55,0.0,0.0,0.0,0.0,0.8,0.0,0.6000000000000001,0.0,0.0,0.0,0.0,0.2,0.0,0.0,0.0,0.0,0.0,0.0,0.0,0.0,0.0,0.0,0.0,0.0,0.0,0.6,0.0,0.0,0.3,0.0,0.0,0.0,0.0,0.0,0.0,0.0,0.0,0.0,0.0,
10-29,0.0,0.4499999999999999,1.05,0.0,0.6000000000000001,0.0,0.0,0.0,0.0,0.8,0.0,0.7,0.0,0.0,0.0,0.0,0.1,0.0,0.0,0.0,0.3,0.0,0.0,0.0,0.0,0.0,0.0,0.0,0.0,0.3,0.6,0.0,0.0,0.4,0.0,0.0,0.0,0.0,0.0,0.0,0.0,0.0,0.0,0.0,
10-30,0.0,0.4499999999999999,1.05,0.0,0.55,0.0,0.0,0.0,0.0,0.8,0.0,0.7,0.0,0.0,0.0,0.0,0.1,0.0,0.0,0.0,0.3,0.0,0.0,0.0,0.0,0.0,0.0,0.0,0.0,0.1,0.1,0.0,0.0,0.4,0.0,0.0,0.0,0.0,0.0,0.0,0.0,0.0,0.0,0.0,
10-31,0.0,0.4,1.05,0.0,0.5,0.0,0.0,0.0,0.0,0.8,0.0,0.7,0.25,0.0,0.0,0.0,0.05,0.0,0.0,0.0,0.3,0.0,0.0,0.0,0.25,0.0,0.0,0.0,0.0,0.0,0.0,0.0,0.0,0.3,0.0,0.0,0.0,0.0,0.0,0.0,0.0,0.0,0.0,0.0,
11-01,0.0,0.0,0.95,0.0,0.45,0.0,0.0,0.0,0.0,0.8,0.0,0.75,0.3,0.0,0.25,0.0,0.0,0.0,0.0,0.0,0.3,0.0,0.0,0.0,0.25,0.0,0.0,0.0,0.0,0.0,0.0,0.0,0.0,0.1,0.6000000000000001,0.0,0.0,0.0,0.0,0.0,0.0,0.0,0.25,0.0,
11-02,0.0,0.0,0.85,0.0,0.7000000000000001,0.0,0.0,0.0,0.0,0.8,0.0,0.75,0.0,0.0,0.25,0.0,0.0,0.0,0.0,0.0,0.3,0.0,0.0,0.05,0.0,0.0,0.0,0.0,0.0,0.0,0.0,0.0,0.0,0.0,0.55,0.9,0.0,0.0,0.0,0.0,0.0,0.0,0.4,0.0,
11-03,0.0,0.0,0.7,0.0,0.65,0.0,0.0,0.0,0.0,0.75,0.0,0.8,0.0,0.0,0.25,0.0,0.0,0.0,0.0,0.0,0.3,0.0,0.0,0.25,0.3,0.1,0.0,0.0,0.15,0.0,0.0,0.0,0.0,0.0,0.45,1.3,0.0,0.0,0.0,0.0,0.0,0.0,0.4,0.0,
11-04,0.0,0.0,0.5,0.0,0.65,0.0,0.0,0.0,0.0,0.7,0.0,0.75,0.0,0.0,0.6499999999999999,0.0,0.0,0.0,0.0,0.0,0.25,0.0,0.0,0.25,0.3,0.25,0.0,0.0,0.4499999999999999,0.0,0.0,0.1,0.0,0.3,0.5,1.25,0.0,0.3,0.0,0.0,0.0,0.0,0.6000000000000001,0.0,
11-05,0.0,0.0,0.35,0.0,0.3999999999999999,0.0,0.0,0.0,0.0,0.5,0.0,0.4,0.0,0.0,1.15,0.0,0.0,0.0,0.25,0.0,0.25,0.0,0.0,0.25,0.0,0.5,0.0,0.0,0.55,0.0,0.0,0.2,0.0,0.3,0.3,1.15,0.0,0.35,0.0,0.0,0.0,0.0,0.75,0.0,
11-06,0.0,0.0,0.3,0.0,0.45,0.05,0.05,0.0,0.0,0.5,0.0,0.2,0.0,0.0,1.35,0.0,0.0,0.0,0.3,0.0,0.25,0.0,0.0,0.25,0.0,0.2,0.0,0.0,0.6,0.0,0.0,0.3,0.0,0.3,0.15,1.1,0.0,0.4,0.0,0.0,0.0,0.0,0.8,0.0,
11-07,0.0,0.0,0.3,0.0,0.6,0.05,0.4499999999999999,0.0,0.05,0.5,0.0,0.1,0.0,0.0,1.4,0.0,0.0,0.0,0.4,0.0,0.25,0.0,0.0,0.3,0.0,0.1,0.0,0.0,0.4,0.0,0.2,0.3,0.0,0.1,0.0,1.1,0.0,0.4,0.0,0.0,0.2,0.0,1.05,0.0,
11-08,0.0,0.0,0.4499999999999999,0.05,1.3,0.1,0.55,0.0,0.2,0.5,0.0,0.05,0.1,0.0,1.5,0.0,0.0,0.0,0.55,0.0,0.65,0.0,0.6,0.35,0.0,0.0,0.0,0.0,0.3,0.0,0.1,0.3,0.0,0.1,0.0,1.1,0.0,0.6,0.0,0.0,0.3,0.0,1.4,0.0,
11-09,0.0,0.0,0.4499999999999999,0.1,1.5499999999999998,0.3,0.65,0.0,0.35,0.35,0.0,0.0,0.15,0.0,1.55,0.25,0.0,0.0,0.6,0.0,0.65,0.0,0.85,0.55,0.0,0.0,0.1,0.0,0.25,0.0,0.2,0.3,0.0,0.0,0.0,1.2999999999999998,0.0,0.4499999999999999,0.0,0.0,0.35,0.0,1.5499999999999998,0.0,
11-10,0.0,0.0,0.5,0.05,2.05,0.45,0.65,0.0,0.4499999999999999,0.25,0.0,0.0,0.2,0.0,1.55,0.35,0.0,0.0,0.6,0.0,0.7,0.0,1.25,0.5,0.0,0.0,0.25,0.0,0.25,0.0,0.5,0.3,0.3,0.0,0.0,1.2999999999999998,0.0,0.4,0.0,0.0,0.45,0.0,1.5499999999999998,0.0,
11-11,0.0,0.0,0.5,0.2,2.05,0.45,0.6,0.0,0.5,0.1,0.0,0.0,0.2,0.0,1.6,0.0,0.0,0.0,0.6,0.0,0.7,0.0,1.35,0.5,0.05,0.0,0.3,0.0,0.4,0.1,0.5,0.5,0.4,0.0,0.0,1.2999999999999998,0.0,0.35,0.0,0.0,0.55,0.0,1.5499999999999998,0.0,
11-12,0.0,0.0,0.5,0.2,2.05,0.5,0.6,0.0,0.55,0.1,0.0,0.0,0.2,0.0,1.7000000000000002,0.0,0.0,0.0,0.6,0.0,0.7,0.0,1.45,0.45,0.0,0.0,0.4,0.0,0.0,0.2,0.5,0.7,0.4,0.0,0.05,1.25,0.0,0.25,0.0,0.0,0.6499999999999999,0.0,1.5499999999999998,0.0,
11-13,0.0,0.0,0.55,0.4,2.2,0.6,0.6,0.15,0.95,0.1,0.0,0.25,0.2,0.0,1.8,0.0,0.0,0.0,0.6,0.0,0.75,0.0,1.45,0.55,0.05,0.6,1.2999999999999998,0.0,0.0,0.3,0.6,0.7,0.4,0.0,0.45,1.25,0.0,0.3,0.0,0.0,1.2999999999999998,0.0,1.5499999999999998,0.0,
11-14,0.0,0.0,0.55,0.4,2.1,0.6,0.4499999999999999,0.15,1.0,0.1,0.0,0.3,0.25,0.0,1.85,0.0,0.1,0.0,0.6,0.0,0.9,0.0,1.45,0.6,0.0,0.1,1.4,0.0,0.0,0.2,0.4,0.7,0.4,0.1,1.05,1.2999999999999998,0.0,0.3,0.0,0.0,1.35,0.0,1.5499999999999998,0.0,
11-15,0.0,0.0,0.7000000000000001,0.4,2.0,0.7,0.3,0.15,1.05,0.1,0.0,0.3,0.25,0.0,1.95,0.0,0.15,0.0,0.6,0.0,0.9,0.0,1.45,0.8500000000000001,0.0,0.0,1.3,0.0,0.0,0.2,0.2,0.7,0.4,0.1,1.1,1.45,0.0,0.4,0.0,0.0,1.35,0.0,1.5499999999999998,0.0,
11-16,0.0,0.0,0.7000000000000001,0.4,2.0,0.8500000000000001,0.3,0.1,1.4,0.0,0.0,0.35,0.25,0.0,2.1,0.0,0.25,0.0,0.75,0.0,0.9,0.0,1.35,1.1,0.0,0.0,1.1,0.0,0.0,0.3,0.1,0.7,0.4,0.3,1.15,1.5,0.0,0.65,0.0,0.0,1.3,0.0,1.5499999999999998,0.0,
11-17,0.0,0.15,1.1,1.0,2.0,1.05,0.1,0.1,1.9,0.05,0.0,0.6499999999999999,0.25,0.0,2.4,0.0,1.0,0.25,0.95,0.2,0.9,0.0,1.35,1.2000000000000002,0.0,0.0,0.8500000000000001,0.0,0.0,0.3,0.1,0.7,0.4,0.3,1.15,1.6,0.0,0.8500000000000001,0.0,0.0,1.1,0.0,1.5499999999999998,0.0,
11-18,0.0,0.15,1.35,1.0,2.0,1.05,0.4,0.0,1.9,0.0,0.0,0.8500000000000001,0.25,0.0,2.45,0.0,0.4,0.4,0.95,0.25,0.95,0.0,1.35,1.2000000000000002,0.0,0.05,0.75,0.0,0.0,0.3,0.1,1.1,0.5,0.3,1.25,1.7000000000000002,0.0,0.8500000000000001,0.0,0.0,0.8500000000000001,0.0,1.5499999999999998,0.0,
11-19,0.0,0.15,1.65,1.3,2.1,1.35,0.4,0.0,1.9,0.0,0.1,0.8500000000000001,0.35,0.0,2.55,0.0,0.0,0.4499999999999999,0.95,0.3,0.95,0.0,1.35,1.25,0.0,0.05,0.65,0.0,0.0,0.4,0.2,1.1,0.3,0.6,1.25,1.65,0.0,0.8500000000000001,0.0,0.0,0.8,0.0,1.5499999999999998,0.45,
11-20,0.0,0.35,1.85,1.3,2.3,1.35,0.5,0.0,2.0,0.0,0.3,1.0,0.35,0.0,2.85,0.0,0.0,0.5,1.1,0.6,0.95,0.0,1.35,1.25,0.0,0.05,0.45,0.0,0.0,0.5,0.3,1.1,0.3,0.7,1.25,1.5,0.0,1.15,0.0,0.0,0.8,0.0,1.5499999999999998,0.5,
11-21,0.25,0.25,1.85,1.5,2.35,1.4500000000000002,0.65,0.0,2.45,0.05,0.55,1.0,0.75,0.0,2.85,0.0,0.0,0.5,1.3,0.75,0.95,0.1,1.3,1.25,0.0,0.05,0.0,0.05,0.0,0.5,1.0,1.1,0.3,0.7,1.3,1.5,0.0,0.7,0.0,0.0,0.9,0.0,1.5499999999999998,0.5,
11-22,0.35,0.3,1.85,1.7,2.35,1.5,0.85,0.0,2.8,0.05,0.55,1.0,1.4,0.2,2.95,0.0,0.1,0.55,1.4,0.75,0.95,0.45,1.15,1.25,0.05,0.05,0.0,0.05,0.0,0.7,1.5,1.1,0.3,0.8,1.55,1.5,0.0,0.35,0.05,0.0,0.9,0.0,1.5499999999999998,0.5,
11-23,0.55,0.75,1.7999999999999998,2.1,2.5,1.95,0.85,0.0,3.25,0.75,0.6000000000000001,1.0,1.45,0.35,3.0,0.0,0.1,0.55,1.35,0.75,0.95,0.45,1.1,1.2999999999999998,0.05,0.05,0.2,0.05,0.0,0.9,1.7,1.3,0.2,0.8,1.6,1.5,0.05,0.1,1.2,0.0,0.95,0.0,1.5499999999999998,0.6499999999999999,
11-24,0.55,1.0,1.7000000000000002,2.5,3.05,2.6500000000000004,0.8,0.15,3.3,0.8999999999999999,0.6000000000000001,1.05,1.45,0.35,3.05,0.0,0.15,0.55,1.4500000000000002,0.9,0.95,0.9,1.05,1.2999999999999998,0.15,0.05,0.2,0.05,0.0,0.9,1.7,1.3,0.2,0.8,1.6,1.9,0.1,0.0,1.2,0.0,1.0,0.0,1.5499999999999998,0.6499999999999999,
11-25,0.65,1.05,1.7000000000000002,2.5,3.05,2.8,0.4499999999999999,0.15,3.6,1.65,0.75,1.1,1.45,0.35,3.1500000000000004,0.25,0.15,0.55,1.5,0.95,1.05,1.2000000000000002,1.05,1.6,0.45,0.9,0.2,0.05,0.0,0.9,1.7,1.3,0.3,0.8,1.5499999999999998,2.15,0.1,0.0,1.2,0.25,1.15,0.0,1.7,0.6499999999999999,
11-26,0.65,1.05,1.65,2.5,3.05,2.85,0.4499999999999999,0.15,3.7,1.85,0.75,1.25,1.45,0.4,3.2,0.3,0.2,0.7,1.5,0.8,1.05,1.2000000000000002,1.05,1.75,0.5,1.0,0.65,0.1,0.0,0.9,1.7,1.3,0.3,0.8,1.5,2.2,0.2,0.05,1.3,0.3,1.15,0.0,1.75,0.6499999999999999,
11-27,0.65,1.2000000000000002,1.7,2.5,3.3,2.85,0.4499999999999999,0.2,3.85,1.85,0.75,1.5499999999999998,1.6,0.45,3.65,0.45,0.3,0.85,1.5,0.7,1.2,1.2000000000000002,1.05,1.85,0.75,1.0,0.75,0.3,0.0,0.9,2.1,1.3,0.3,0.8,1.45,2.2,0.45,0.15,1.55,0.55,1.15,0.0,1.8,0.6499999999999999,
11-28,0.75,1.3,1.85,2.5,3.6,3.6,0.5,0.2,4.05,1.85,0.75,1.6,1.65,0.45,3.7,0.85,0.7,0.85,1.5,0.6499999999999999,1.2,2.0,1.05,2.0,0.75,1.2000000000000002,0.95,0.3,0.0,1.0,2.1,1.2,0.3,0.8,1.35,2.2,0.75,0.25,1.7000000000000002,0.55,1.15,0.0,2.15,0.6499999999999999,
11-29,0.8,1.4500000000000002,2.4000000000000004,2.6,3.6,3.65,0.5,0.25,4.05,1.85,0.75,1.75,1.65,0.5,3.75,0.6499999999999999,0.75,0.8999999999999999,1.7999999999999998,0.55,1.4,2.6,1.05,2.2,0.8,1.65,0.95,0.3,0.0,1.0,2.1,1.1,0.3,0.8,1.65,2.2,0.75,0.25,2.0,0.7,1.15,0.0,2.2,0.7,
11-30,0.8,1.4500000000000002,3.15,3.2,3.85,3.7,0.5,0.4,4.05,2.0,0.75,1.75,1.7,0.7,3.8,0.25,0.8,0.8999999999999999,1.85,0.35,1.4,2.6,1.0,2.1,0.8999999999999999,1.75,1.05,0.3,0.0,1.0,2.5,1.2,0.4,0.8,1.85,2.2,0.85,0.4,2.45,0.7,1.15,0.0,2.2,0.75,
12-01,0.9,1.6,3.15,3.55,3.9,4.2,0.3999999999999999,0.5,4.05,1.95,0.8500000000000001,1.75,1.95,0.75,3.9,0.0,1.35,0.8999999999999999,1.85,0.4,1.4,2.95,1.0,2.0,0.95,1.85,1.05,0.3,0.0,1.0,3.0,1.2,0.3,0.8,1.95,2.25,0.95,0.4,2.7,0.9,1.15,0.0,2.6500000000000004,0.9,
12-02,0.9,1.7000000000000002,3.35,3.75,3.9,5.0,0.3999999999999999,0.4499999999999999,4.05,1.95,0.8500000000000001,1.75,2.0,0.8,3.9,0.0,1.35,0.8999999999999999,1.85,0.8,1.4,3.65,1.0,2.0,0.95,1.9,1.05,0.35,0.0,1.0,3.0,1.2,0.5,0.8,2.0,2.4000000000000004,0.95,0.45,2.75,1.3,1.15,0.0,2.6500000000000004,1.4,
12-03,1.2,1.7000000000000002,3.35,4.550000000000001,3.9,5.0,0.3999999999999999,0.3999999999999999,4.05,1.9,0.8500000000000001,1.75,2.0,0.8500000000000001,4.5,0.1,1.5,0.8999999999999999,1.95,0.8,1.4,3.75,1.0,2.0,0.95,2.1,1.05,0.2,0.0,1.0,3.2,1.2,0.5,1.0,2.05,2.4000000000000004,0.95,0.8,2.75,1.35,1.15,0.0,2.75,2.85,
12-04,1.3,1.7000000000000002,3.35,4.75,3.9,5.199999999999999,0.5,0.35,4.05,1.9,0.8500000000000001,1.75,2.0,0.95,4.65,0.15,2.05,0.8999999999999999,2.05,0.85,1.4,3.8,1.0,2.05,0.95,2.15,1.05,0.05,0.0,1.0,3.3,1.3,0.5,1.0,2.05,2.6,1.2999999999999998,0.8,2.8,1.35,1.15,0.0,3.0,2.85,
12-05,1.35,1.7000000000000002,3.4,5.050000000000001,3.9,5.199999999999999,0.55,0.35,4.05,2.0,0.8500000000000001,1.8,2.0,1.0,4.75,0.35,2.7,0.8999999999999999,2.15,0.85,1.4,4.15,1.0,2.05,0.95,2.15,1.05,0.05,0.0,1.0,3.3,1.3,0.5,1.1,2.1,2.6,1.2999999999999998,0.8,2.95,1.35,1.15,0.0,3.0,2.9,
12-06,1.4,1.7000000000000002,3.6,5.949999999999999,3.95,5.35,0.65,0.6000000000000001,4.05,2.1,0.9,1.9,2.05,1.1,4.85,0.35,2.9,1.05,2.25,0.9,1.4,4.25,1.0,2.1,1.1,2.15,1.1,0.35,0.0,1.1,3.6,1.3,0.4,1.2,2.1,2.6,1.35,0.8,2.95,1.35,1.15,0.0,3.0,3.0,
12-07,1.4,1.7000000000000002,3.6,6.1,4.0,5.800000000000001,0.65,0.65,4.05,2.1,0.95,1.95,2.15,1.1,4.85,0.65,3.05,1.25,2.25,1.3,1.4,4.25,1.0,2.55,1.4,2.15,1.1,0.45,0.0,1.1,3.6,1.3,0.4,1.5,2.1,2.55,1.35,0.8,2.95,1.6,1.15,0.0,3.0,3.5,
12-08,1.4,1.7000000000000002,3.6,6.1,4.0,6.199999999999999,0.65,0.95,4.1,2.1,0.95,2.0,3.05,1.2000000000000002,4.85,0.7,3.05,1.45,2.4,1.3,1.45,4.25,1.0,2.55,2.3,2.15,1.15,0.45,0.15,1.1,3.6,1.3,0.4,1.5,2.1,2.4,1.85,0.8,2.95,1.95,1.15,0.0,3.1,3.5,
12-09,1.4,1.8,3.5,6.1,4.050000000000001,6.3,0.65,1.1,4.15,2.1,0.95,2.0,3.75,1.25,4.85,0.55,3.05,1.45,2.4,1.4,2.1,4.25,1.0499999999999998,2.65,1.9,2.15,1.2,0.5,0.25,1.1,3.8,1.3,0.5,1.5,2.1,2.4,2.15,0.8,2.95,1.95,1.15,0.05,3.2,3.6,
12-10,1.4,1.8,3.5,6.25,4.1,6.4,0.65,1.2999999999999998,4.2,2.1,0.95,2.0,3.9,1.25,4.85,0.5,3.1500000000000004,1.5,2.4,1.4,2.1,4.3,1.2,2.85,1.75,2.15,1.5,0.6,0.25,1.1,4.2,1.3,0.6,1.5,2.1,2.8,3.25,0.8,3.0,1.95,1.15,0.1,3.25,3.65,
12-11,1.4,1.8,3.6,7.0,4.25,6.4,0.65,1.2999999999999998,4.25,2.1,1.1,2.0,4.05,1.4500000000000002,4.9,0.25,3.5,1.5,2.45,1.5,2.2,4.35,1.4,2.75,1.75,2.15,1.75,0.6,0.3,1.1,4.1,1.3,0.6,1.5,2.1500000000000004,3.0,3.25,0.8,3.0,2.25,1.15,0.4,3.9,3.7,
12-12,1.4,1.95,3.7,7.55,4.5,6.4,0.65,1.35,4.25,2.1,1.1,2.0,4.1,1.55,5.35,0.1,3.7,1.5,2.45,1.65,2.25,4.4,1.4,3.15,1.75,2.15,2.15,0.6,0.3,1.6,4.1,1.3,1.0,1.5,2.2,3.25,3.25,0.8,3.25,3.3,1.15,0.4,4.45,3.7,
12-13,1.4,2.1,4.1,8.35,4.5,6.4,0.75,1.35,4.25,2.1,1.4,2.0,4.1,1.55,5.4,0.15,4.0,1.5499999999999998,2.45,2.0,2.7,4.9,1.7,3.9,1.65,2.15,1.9,0.6,0.5,2.3,4.0,1.3,1.1,1.5,2.1500000000000004,4.3,3.25,0.8,3.25,3.95,1.7,0.5,4.45,3.7,
12-14,1.4,2.35,4.25,9.2,4.5,6.4,0.75,1.35,4.300000000000001,2.1,1.4,2.0,4.25,1.6,5.4,0.25,4.0,1.5499999999999998,2.45,2.05,2.9,5.65,1.6,3.95,1.65,2.15,1.55,0.6,0.55,2.4,4.7,1.3,1.2,1.5,2.1,4.449999999999999,3.85,0.8,3.25,4.3,1.75,0.75,4.5,3.7,
12-15,1.4500000000000002,2.5,4.3,9.3,4.75,6.4,0.8,1.35,4.300000000000001,2.1,1.4,2.0,4.35,1.6,5.5,0.4499999999999999,4.0,1.9,2.45,2.1,2.95,5.65,1.65,3.95,1.6,2.15,1.85,0.6499999999999999,1.1,2.8,4.7,1.3,1.2,1.5,2.05,4.4,4.25,0.8,3.3,4.3,1.8,1.1,4.45,3.7,
12-16,1.4500000000000002,2.5,4.3,9.3,4.9,6.4,0.8,1.4,4.300000000000001,2.1,1.45,2.0,4.5,1.6,5.8,0.4499999999999999,4.0,1.95,2.45,2.1,2.95,5.65,2.1,3.95,1.55,2.15,1.85,0.6499999999999999,1.1,2.9,4.7,1.3,1.6,1.5,1.9,4.7,4.449999999999999,0.8,3.3,4.25,1.85,1.4,4.4,3.7,
12-17,1.5,2.5,4.5,9.3,4.9,6.4,0.8,1.4,4.300000000000001,2.1,1.45,2.1,4.75,1.65,5.8,0.4499999999999999,4.0,1.95,2.45,2.1,2.95,5.95,2.35,3.95,1.55,2.2,1.85,0.75,1.1,2.9,4.7,1.3,2.0,1.5,1.85,5.1,4.449999999999999,0.8,3.3,4.300000000000001,2.0,1.4,4.4,3.7,
12-18,1.5,2.85,4.5,9.65,4.9,6.4,0.8500000000000001,1.4,4.300000000000001,1.9,1.9,2.2,4.8,1.65,5.9,0.5,4.0,1.95,2.45,2.1,2.95,5.95,2.35,3.95,1.55,2.6500000000000004,1.85,0.95,1.2,2.9,5.2,1.3,1.9,1.5,1.9,5.25,4.3,0.9,3.3,4.300000000000001,2.0,1.4,4.4,3.85,
12-19,1.5,2.85,4.550000000000001,10.3,4.9,6.4,0.9,1.4,4.300000000000001,1.85,2.1,2.25,4.8,1.65,5.9,0.55,4.0,1.95,2.45,2.1,3.0,6.25,2.35,4.0,1.55,3.4,1.85,1.35,1.8,2.9,5.7,1.3,1.9,1.5,2.35,5.3,4.4,0.95,3.35,4.300000000000001,2.2,1.4,4.45,3.85,
12-20,1.5,3.3,4.550000000000001,11.0,4.9,6.4,0.9,1.5,4.55,1.85,2.2,2.25,5.1,1.65,5.9,0.55,4.45,1.95,2.45,2.1,3.0,6.25,2.55,4.0,1.5,3.35,1.85,1.75,1.9,2.9,5.7,1.3,1.9,1.8,3.1,5.35,4.5,1.15,3.4,4.300000000000001,2.2,1.4,4.5,3.85,
12-21,1.7,3.65,4.75,11.3,4.95,6.4,0.9,1.85,4.949999999999999,1.85,2.2,2.25,5.15,1.65,5.9,0.6,5.25,2.0,2.45,2.1,3.0,6.25,2.95,4.05,1.5,3.4,2.4,1.75,2.3,3.0,5.7,1.3,2.0,2.1,3.6,6.1,4.5,1.15,3.4,4.35,2.2,1.4,4.7,3.85,
12-22,1.75,3.65,5.15,11.4,4.95,6.4,0.9,2.4000000000000004,5.55,1.85,2.25,2.25,5.3,1.65,5.95,0.6,5.5,2.0,2.45,2.1,3.0,6.3,3.05,4.05,1.5,3.1,2.5,1.75,3.1,3.0,5.7,1.3,2.0,2.3,3.6,6.75,4.5,1.35,3.4,4.35,2.2,1.45,4.8,3.85,
12-23,1.75,3.65,5.15,11.8,4.95,6.4,0.9,2.5,5.55,1.85,2.3,2.25,5.3,1.65,6.0,0.6499999999999999,5.5,2.05,2.45,2.1,3.05,6.35,3.05,4.1,1.5,2.95,2.6,1.85,3.1,3.0,5.6,1.3,2.3,2.3,3.7,7.050000000000001,4.6,1.4,4.0,4.35,2.2,1.85,5.0,3.85,
12-24,1.75,4.2,5.2,11.7,5.0,6.4,0.9,2.5,5.85,1.85,2.35,2.25,5.3,1.65,6.0,0.6499999999999999,5.55,2.1,2.55,2.15,3.2,6.35,3.1,4.6,1.5,3.0,2.6,2.1,3.55,3.1,5.5,1.3,2.4,2.3,3.7,7.199999999999999,5.05,1.75,4.35,4.65,2.25,2.2,5.0,3.9,
12-25,1.75,4.2,5.2,11.9,5.1,6.4,0.9,2.55,6.15,1.85,2.4,2.25,5.3,1.7000000000000002,6.0,0.6499999999999999,6.65,2.1,2.85,2.25,3.2,6.35,3.1,4.85,1.55,3.0,2.6,2.1,4.35,3.1,5.5,1.3,2.7,2.3,3.65,7.199999999999999,5.05,1.75,4.449999999999999,4.65,2.3,2.4,5.0,3.9,
12-26,1.8,5.35,5.35,12.3,5.1,6.4,0.9,2.55,6.25,1.85,2.45,2.3,5.449999999999999,1.7000000000000002,6.05,0.6499999999999999,7.2,2.1500000000000004,2.9000000000000004,2.2,3.2,6.550000000000001,3.65,5.0,1.55,3.25,2.6,2.35,4.4,3.1,5.7,1.3,3.0,2.3,3.6,7.199999999999999,5.05,1.75,4.55,4.65,2.5,2.6,5.0,4.0,
12-27,1.8,5.45,5.35,12.7,5.1,6.4,0.9,2.55,6.4,1.85,2.5,2.3,5.449999999999999,1.7000000000000002,6.05,0.6499999999999999,7.5,2.1500000000000004,3.0,2.25,3.2,6.550000000000001,3.65,5.1,1.55,4.0,2.8,2.45,4.85,3.2,5.7,1.5,3.1,2.3,3.45,7.199999999999999,5.05,1.75,4.65,4.65,2.55,3.0,5.05,4.0,
12-28,1.65,5.45,5.35,12.75,5.15,6.4,0.9,2.65,6.45,1.85,2.8,2.35,5.55,1.7000000000000002,6.05,0.75,7.55,2.1500000000000004,3.0,2.2,3.2,6.6,3.65,5.3,1.55,4.2,2.8,2.6500000000000004,5.449999999999999,3.2,6.4,1.5,3.1,2.3,3.85,7.199999999999999,5.05,1.75,4.55,4.65,2.55,3.1,5.05,4.0,
12-29,1.5,6.4,5.35,12.95,5.5,6.4,0.9,2.65,6.550000000000001,1.85,2.8,2.4000000000000004,5.85,1.7000000000000002,6.05,1.05,7.75,2.2,3.0,2.2,3.2,6.75,4.05,6.300000000000001,1.85,4.25,2.8,3.1,5.449999999999999,3.2,7.0,1.3,3.1,2.3,3.9,7.199999999999999,5.05,1.75,4.55,4.85,2.55,3.4,5.1,4.0,
12-30,1.25,6.65,5.35,13.1,5.5,6.4,0.9,2.7,6.65,1.85,2.8,2.4000000000000004,5.9,1.7999999999999998,6.05,1.6,7.75,2.2,3.0,2.2,3.2,6.8,4.75,6.550000000000001,2.2,5.15,2.8,3.1,5.449999999999999,3.7,7.0,1.2,3.2,2.3,3.9,7.199999999999999,5.1,1.7,4.65,4.85,2.65,3.65,6.300000000000001,4.0,
12-31,1.25,7.25,5.449999999999999,13.3,5.5,6.4,0.9,2.7,6.65,1.9,2.8,2.45,5.95,1.7999999999999998,6.05,1.65,7.6,2.2,3.5,2.2,3.2,7.0,5.0,6.949999999999999,2.4000000000000004,4.95,2.8,3.1,5.449999999999999,4.5,7.0,1.2,3.2,2.3,3.9,7.199999999999999,5.1,1.7,4.65,4.85,2.65,3.9,6.35,4.0,
01-01,,1.35,7.300000000000001,5.55,13.3,5.6,6.4,1.35,2.7,6.65,2.0,2.8,2.45,6.2,1.95,6.05,1.7,7.0,2.3,3.5,2.2,3.2,7.05,5.05,7.6,2.6,5.0,2.8,3.15,5.449999999999999,4.8,7.0,1.2,3.2,2.3,3.9,7.199999999999999,5.25,1.7,4.65,5.4,2.65,3.9,6.35,4.0
01-02,,1.35,7.449999999999999,5.55,13.3,5.6,6.55,1.4,2.7,6.65,2.15,2.8,2.45,6.25,2.0,6.05,1.7,6.75,2.3,3.5,2.5,3.2,7.05,5.15,7.6,2.6,5.5,2.8,3.15,5.550000000000001,5.0,7.0,1.2,3.1,2.3,3.95,7.199999999999999,5.4,1.7,4.65,5.4,2.65,4.0,6.35,4.0
01-03,,1.35,7.5,5.65,13.3,5.6,6.55,1.5499999999999998,2.75,6.65,2.25,2.8,2.5,6.300000000000001,2.05,6.1,1.7,6.85,2.3,3.5,2.65,3.2,7.35,5.15,7.65,2.6,5.75,2.95,3.25,5.550000000000001,5.0,7.0,1.2,3.1,2.3,3.95,7.199999999999999,6.15,1.7,4.7,5.4,2.85,4.05,6.4,4.2
01-04,,1.35,7.75,5.65,13.3,5.699999999999999,6.7,1.7000000000000002,3.05,6.75,2.3,2.8,2.55,6.300000000000001,2.1500000000000004,6.1,1.7,6.9,2.35,3.5,2.95,3.2,7.35,5.15,7.9,2.75,5.699999999999999,3.25,3.85,5.550000000000001,5.1,7.0,1.2,3.1,2.3,3.95,7.199999999999999,6.699999999999999,1.75,4.7,5.4,3.35,4.55,6.449999999999999,4.35
01-05,,1.35,8.15,5.65,13.3,5.699999999999999,6.9,1.75,3.05,7.25,2.3,2.8,2.6,6.300000000000001,2.5,6.199999999999999,1.7,6.949999999999999,2.35,3.5,2.95,3.2,7.449999999999999,5.1,7.9,2.85,5.75,3.35,3.85,6.5,5.1,7.0,1.2,3.1,2.3,3.95,7.25,6.75,1.75,4.8,5.6,3.35,5.05,6.5,4.449999999999999
01-06,,1.35,8.35,5.75,13.3,5.699999999999999,6.9,1.75,3.05,7.5,2.6,2.85,2.85,6.449999999999999,2.65,6.550000000000001,1.7,7.0,2.4,3.5,3.0,3.2,7.6,5.1,8.05,2.9,5.75,3.35,3.95,6.85,5.2,7.0,1.2,3.1,2.3,4.05,7.4,6.75,2.15,4.85,5.65,3.4,5.0,6.65,5.0
01-07,,1.35,8.4,5.8,13.3,5.75,6.9,1.85,3.6,7.8,2.95,2.9,2.85,6.85,2.65,6.7,1.85,7.05,2.45,3.5,3.05,3.2,7.6,5.15,8.2,3.25,5.75,3.35,4.25,6.85,5.2,7.0,1.4,3.4,2.3,4.05,7.4,6.95,2.15,4.85,5.65,3.4,5.050000000000001,6.65,5.15
01-08,,1.35,8.4,5.949999999999999,13.3,5.85,6.9,1.85,3.8,8.15,3.15,3.0,2.85,7.050000000000001,2.85,6.8,1.85,7.2,2.45,3.5,3.25,3.3,7.6,5.15,8.2,4.15,5.75,3.35,4.85,6.9,5.2,7.0,1.3,3.4,2.6,4.05,7.4,7.949999999999999,2.25,4.85,5.85,3.7,5.050000000000001,6.75,5.199999999999999
01-09,,1.35,8.4,5.949999999999999,13.3,5.85,6.9,1.85,4.1,8.8,3.15,3.05,2.85,7.25,3.15,6.9,2.1,7.2,2.5,3.5,3.55,3.35,7.65,5.25,8.2,4.15,5.85,3.35,5.0,6.9,5.3,7.0,1.3,3.4,2.8,4.05,7.35,8.0,2.35,4.85,6.15,3.7,5.050000000000001,7.25,5.35
01-10,,1.35,8.4,5.949999999999999,13.3,5.9,6.9,1.85,4.449999999999999,9.0,3.15,3.05,2.85,7.300000000000001,3.35,7.0,2.1,7.300000000000001,3.35,3.5,4.35,3.45,7.65,5.25,8.2,4.5,6.05,3.4000000000000004,5.050000000000001,7.0,5.3,7.0,1.3,3.5,2.9,4.05,7.3,8.5,2.35,4.9,6.15,3.7,5.050000000000001,7.55,5.75
01-11,,1.35,8.45,5.949999999999999,13.3,6.0,6.9,1.85,4.5,9.05,3.15,3.25,3.0,7.300000000000001,3.5,7.0,2.1,7.65,4.15,3.7,5.15,3.7,7.65,5.25,8.2,4.9,6.7,3.45,5.050000000000001,7.05,5.3,7.0,1.3,3.9,3.0,4.05,7.3,8.75,2.35,4.9,6.45,3.75,5.050000000000001,7.55,5.8
01-12,,1.35,8.45,5.8,13.3,5.95,6.9,1.85,4.5,9.05,3.2,3.5,3.0,7.35,3.5,7.3,2.15,7.65,4.4,3.75,5.15,3.85,7.65,5.3,8.15,4.9,6.75,3.45,5.15,7.05,5.3,7.1,1.3,3.9,3.0,4.5,7.3,8.8,2.35,4.9,6.9,4.05,5.050000000000001,7.7,6.25
01-13,,1.35,8.45,5.75,13.45,5.95,6.9,1.85,4.5,9.1,3.3,3.95,3.05,7.949999999999999,3.6,8.25,2.15,7.7,4.5,3.75,5.15,4.0,7.65,5.4,8.15,4.9,6.75,3.45,5.15,7.05,5.4,7.4,1.3,3.9,3.0,4.5,7.5,8.8,2.35,4.9,7.3,4.05,5.0,7.7,7.699999999999999
01-14,,1.35,8.5,5.85,13.55,5.95,7.05,2.05,4.55,9.15,4.25,4.25,3.05,8.100000000000001,3.6,8.45,2.25,7.7,4.9,4.05,5.2,4.050000000000001,7.65,5.4,8.1,5.0,6.949999999999999,3.45,5.15,7.05,5.4,7.5,1.3,3.9,3.0,4.5,8.1,8.8,2.35,4.949999999999999,7.699999999999999,4.05,5.0,7.85,8.15
01-15,,1.35,8.5,5.85,13.55,5.95,7.6,2.05,4.9,9.2,4.35,4.3,3.05,8.25,3.6,8.55,2.25,7.7,5.35,4.25,5.25,4.15,7.65,5.4,8.1,5.0,7.199999999999999,3.45,5.15,7.05,5.4,7.5,1.3,3.9,3.0,4.5,8.45,8.8,2.3,4.949999999999999,7.8,4.05,5.0,7.85,8.15
01-16,,1.35,8.5,6.05,13.55,5.95,7.7,2.1500000000000004,5.050000000000001,9.3,4.4,4.3,3.05,8.5,3.6,8.6,3.35,7.7,5.949999999999999,4.4,5.25,4.15,7.65,5.45,8.1,5.0,7.25,3.45,5.15,7.05,5.4,7.3,1.3,3.9,3.0,4.5,8.6,8.8,2.35,5.300000000000001,7.85,4.05,4.95,7.85,8.45
01-17,,1.35,8.5,6.1,13.45,5.95,7.75,2.1500000000000004,5.1,9.3,4.4,4.35,3.05,8.55,3.6,8.7,3.65,7.75,5.75,4.65,5.25,4.2,7.65,5.45,8.1,5.0,7.7,3.45,5.15,7.05,5.4,7.3,1.3,3.9,3.0,4.949999999999999,8.6,8.8,2.35,5.55,7.85,4.05,4.95,7.85,9.1
01-18,,1.35,8.55,6.1,13.3,5.95,7.75,2.1500000000000004,5.1,9.35,4.4,4.35,3.05,8.55,3.6,8.8,3.95,7.75,5.75,4.7,5.3,4.3,7.65,5.45,8.1,5.0,8.25,3.45,5.15,7.05,5.6,7.5,2.4,3.9,3.0,4.949999999999999,8.75,9.35,2.35,5.65,7.85,4.05,4.95,7.949999999999999,9.1
01-19,,1.35,8.65,6.65,13.3,5.95,7.95,2.1500000000000004,5.1,9.4,4.4,4.35,3.05,8.649999999999999,3.6,8.8,3.5,7.75,6.1,5.2,5.3,4.35,7.65,5.45,8.1,5.0,8.25,3.45,5.15,7.05,5.6,7.5,2.8,3.9,3.0,4.949999999999999,8.899999999999999,9.5,2.55,5.9,7.9,4.05,4.95,8.15,9.1
01-20,,1.35,9.05,6.7,13.1,5.95,8.15,2.1500000000000004,5.1,9.4,4.4,4.35,3.05,8.8,3.6,8.8,3.75,7.949999999999999,6.1,5.75,5.35,4.35,7.8,5.45,8.1,5.0,8.3,3.45,5.199999999999999,7.05,5.7,7.6,3.2,3.9,3.0,5.0,8.95,9.65,2.55,6.300000000000001,7.9,4.1,5.15,8.15,9.1
01-21,,1.35,9.45,6.75,13.1,5.95,8.35,2.3,5.1,9.4,4.4,4.35,3.05,8.8,3.6,8.8,4.05,8.05,6.1,5.8,5.4,4.35,8.45,5.45,8.1,5.0,8.4,3.45,5.199999999999999,7.05,5.8,7.6,4.3,3.9,3.0,5.0,9.05,9.7,2.65,6.300000000000001,8.149999999999999,4.1,5.2,8.25,9.15
01-22,,1.3,9.45,6.85,13.1,6.0,8.4,2.25,5.1,9.5,4.4,4.35,3.05,8.8,3.65,8.8,4.05,8.45,6.2,6.15,5.5,4.35,8.600000000000001,5.45,8.1,5.0,8.4,3.45,5.199999999999999,7.15,6.2,7.6,4.7,3.9,3.0,5.0,9.1,10.35,2.75,6.300000000000001,8.25,4.15,5.2,8.3,9.25
01-23,,1.85,9.6,6.9,13.15,6.0,9.05,2.25,5.1,9.5,4.3,4.45,3.05,9.1,3.65,8.9,4.6,8.55,6.25,6.6,5.85,4.45,8.600000000000001,5.550000000000001,8.1,5.0,8.4,3.45,5.199999999999999,7.25,6.3,7.6,5.1,3.9,3.0,5.0,9.1,10.5,2.75,6.4,8.25,4.3,5.2,8.3,9.4
01-24,,1.95,10.0,6.9,13.3,6.0,9.05,2.95,5.15,9.45,4.3,4.45,3.05,9.1,3.7,8.9,5.15,8.6,6.25,6.65,6.4,4.65,8.75,5.6,8.15,5.0,8.4,3.45,5.3,7.7,6.3,7.6,5.3,4.1,3.0,5.0,9.25,10.55,2.8,6.4,8.7,4.3,5.2,8.35,9.45
01-25,,2.05,10.05,7.05,13.45,6.0,9.05,2.95,5.15,9.45,4.3,4.45,3.05,9.1,3.75,9.0,5.5,9.35,6.25,6.800000000000001,6.449999999999999,4.75,8.75,5.699999999999999,8.25,5.0,8.4,3.45,5.3,8.05,6.5,7.6,5.4,4.1,3.0,5.0,9.25,10.75,2.95,6.4,8.75,4.35,5.2,8.35,9.7
01-26,,2.05,10.35,7.199999999999999,13.6,6.0,8.95,3.05,5.15,9.45,4.35,4.45,3.05,9.1,3.8,9.25,5.699999999999999,9.9,6.25,6.800000000000001,6.449999999999999,4.8,8.8,5.699999999999999,8.25,5.050000000000001,8.75,3.45,5.3,8.05,6.5,7.6,5.4,4.4,3.0,5.0,9.25,10.8,3.0,6.4,9.3,4.35,5.2,8.35,9.8
01-27,,2.1,10.35,7.25,13.75,6.0,8.85,3.15,5.15,9.45,4.35,4.45,3.05,9.15,3.8,9.35,6.3,9.95,6.25,6.800000000000001,6.449999999999999,4.8,8.85,5.75,8.85,5.1,8.85,3.45,5.55,8.05,6.5,7.6,5.4,4.4,3.0,5.1,9.25,10.8,3.05,6.4,9.35,4.45,5.2,8.55,9.85
01-28,,2.25,10.4,7.3,13.8,6.05,8.85,3.4,5.15,9.45,4.65,4.45,3.05,9.15,3.85,9.55,7.0,10.5,6.25,6.800000000000001,6.449999999999999,4.8,8.85,5.75,8.9,5.1,9.4,3.45,5.9,8.05,6.5,7.6,5.4,4.9,3.0,5.15,9.45,10.85,3.15,6.4,9.8,4.45,5.2,8.6,9.85
01-29,,2.45,10.45,7.9,13.85,6.15,8.8,3.45,5.4,9.45,4.75,4.45,3.05,9.15,3.9,9.55,7.0,10.5,6.25,6.800000000000001,6.449999999999999,5.1,8.85,5.6,9.05,5.1,9.45,3.45,6.4,8.05,6.5,7.6,5.4,5.4,3.0,5.15,9.8,10.85,3.3,6.4,9.95,4.6,5.2,8.6,9.85
01-30,,2.55,10.45,7.9,13.9,6.15,8.8,3.45,5.5,9.45,5.1,4.45,3.05,9.4,3.95,9.7,7.3,10.5,6.3,6.85,6.5,5.1,8.85,5.6,9.1,5.1,9.8,3.45,6.5,8.05,7.0,7.6,5.5,5.7,3.0,5.15,10.1,10.85,3.25,6.4,10.0,4.6,5.2,8.6,9.85
01-31,,2.55,10.5,7.9,13.85,6.199999999999999,8.8,3.45,5.550000000000001,9.45,5.5,4.45,3.05,9.4,3.95,9.25,7.35,10.55,6.35,6.9,6.6,5.1,8.85,5.550000000000001,9.1,5.1,10.1,3.45,7.3,8.05,7.2,7.6,5.5,5.7,3.0,5.15,10.1,10.9,3.2,6.4,10.0,4.6,5.2,8.6,9.85
02-01,,2.55,10.5,8.05,13.85,6.199999999999999,8.75,3.5,5.65,9.7,5.75,4.45,3.05,9.55,3.95,9.1,7.35,10.55,6.5,6.9,6.699999999999999,5.1,8.85,5.65,9.2,5.15,11.1,3.45,7.35,8.05,7.2,7.6,5.6,5.7,3.0,5.15,10.15,10.9,3.15,6.4,10.05,4.6,5.15,8.6,10.0
02-02,,2.55,10.75,8.1,13.8,6.35,8.75,3.6,5.65,9.75,5.75,4.45,3.05,9.55,3.95,9.05,7.4,10.55,6.800000000000001,7.1,6.75,5.15,8.85,5.6,9.6,5.15,11.45,3.45,7.85,8.05,7.2,7.6,5.6,5.7,3.0,5.1,10.15,10.9,3.15,6.65,10.1,4.800000000000001,5.1,8.6,10.25
02-03,,2.55,10.9,8.1,13.8,6.6,9.25,3.55,5.65,9.95,5.75,4.45,3.05,9.55,3.95,9.05,7.45,10.6,7.2,7.1,6.800000000000001,5.15,8.85,5.6,9.8,5.15,11.5,3.45,8.8,8.05,7.4,7.6,5.6,5.7,3.6,5.1,10.15,10.9,3.1,7.1,10.15,5.05,5.1,8.55,10.3
02-04,,2.55,11.0,8.15,13.8,6.6,9.5,3.55,5.65,10.15,5.85,4.45,3.05,9.55,4.0,9.05,8.399999999999999,10.65,7.2,7.1,6.800000000000001,5.199999999999999,8.85,5.75,9.85,5.15,11.9,3.45,8.899999999999999,8.05,7.4,7.6,5.6,5.7,3.6,5.050000000000001,10.25,10.9,3.0,7.5,10.15,5.1,5.1,8.55,10.55
02-05,,2.55,11.0,8.2,13.8,6.7,10.05,3.55,5.65,10.15,5.9,4.45,3.05,9.75,4.0,9.05,8.65,10.7,7.25,7.1,6.85,5.25,8.85,5.8,9.9,5.15,11.9,3.45,8.899999999999999,8.15,7.5,7.6,5.6,5.7,3.6,4.949999999999999,10.3,10.9,2.95,7.5,10.3,5.1,5.1,8.65,10.75
02-06,,2.55,11.0,8.85,13.8,6.7,10.15,3.6,5.65,10.25,6.1,4.5,3.05,9.75,4.0,9.05,8.65,10.75,7.35,7.4,6.9,5.25,8.899999999999999,5.8,10.25,5.15,11.9,3.45,9.2,8.25,7.6,7.7,5.6,5.7,3.9,4.550000000000001,10.3,11.2,2.75,7.5,10.35,5.1,5.1,8.899999999999999,11.0
02-07,,2.55,11.05,9.05,13.8,6.85,10.2,3.6,5.75,10.25,6.1,4.5,3.1,9.8,4.35,9.05,8.65,10.75,7.5,7.649999999999999,6.9,5.25,8.899999999999999,5.8,10.45,5.15,11.9,3.45,9.75,8.25,7.6,7.7,5.6,5.7,3.9,4.0,10.3,11.5,2.8,7.5,10.4,5.1,5.1,8.899999999999999,11.0
02-08,,2.55,11.1,9.1,13.8,7.4,10.25,3.6,5.75,10.25,6.35,4.5,3.15,9.85,4.45,9.1,8.7,10.75,7.55,7.9,6.9,5.25,9.25,5.8,10.45,5.15,11.9,3.45,9.75,8.25,7.6,7.7,5.6,5.8,4.2,3.75,10.3,11.4,2.8,7.5,10.4,5.1,5.1,8.899999999999999,11.0
02-09,,2.55,11.2,9.1,13.9,7.5,10.3,3.6,6.05,10.25,6.65,4.5,3.15,10.15,4.550000000000001,9.15,8.55,10.75,7.6,8.3,6.9,5.25,9.25,5.8,10.45,5.15,11.9,3.7,9.75,8.75,7.6,7.7,5.6,5.8,4.4,3.6,10.3,11.3,2.75,8.25,10.4,5.1,5.1,8.899999999999999,11.3
02-10,,2.55,11.2,9.4,14.5,7.5,10.35,3.6,6.15,10.25,6.65,4.5,3.15,10.15,5.05,9.15,8.5,10.75,7.9,8.3,7.0,5.3,9.3,5.85,10.45,5.15,11.9,3.75,9.75,8.85,7.6,7.7,5.6,5.8,4.4,3.55,10.3,11.4,2.75,8.5,10.45,5.1,5.1,8.899999999999999,11.3
02-11,,2.5,11.2,9.4,14.5,7.95,10.3,3.6,6.15,10.25,6.699999999999999,4.5,3.2,10.3,5.25,9.25,8.5,10.85,8.15,8.35,7.15,5.4,9.3,5.9,10.45,5.15,11.9,3.95,9.75,9.0,7.6,7.7,5.6,5.8,4.4,3.5,10.3,11.4,2.85,8.5,10.45,5.5,5.1,8.899999999999999,11.3
02-12,,2.5,11.2,9.4,14.9,8.1,11.1,3.8,6.15,10.25,6.699999999999999,4.5,3.5,10.3,5.25,9.7,8.55,10.85,8.5,8.399999999999999,7.5,5.4,9.3,5.949999999999999,10.45,5.15,11.9,3.95,9.75,9.05,7.6,7.7,5.6,5.8,4.9,3.45,10.25,11.4,2.75,8.5,10.45,5.9,5.1,8.899999999999999,11.3
02-13,,2.5,11.4,9.95,15.3,8.149999999999999,11.45,4.1,6.15,10.25,6.800000000000001,4.6,3.55,10.3,5.3,9.8,8.55,10.9,8.5,8.45,7.9,5.4,9.3,5.949999999999999,10.45,5.65,11.9,4.0,9.9,9.1,7.6,7.7,5.7,5.8,4.9,3.35,10.25,11.4,2.7,9.6,10.45,6.4,5.1,8.95,11.3
02-14,,2.55,11.25,9.95,15.5,8.149999999999999,11.9,4.2,6.15,10.25,6.85,4.65,3.55,10.3,5.3,9.8,8.55,11.1,9.0,8.55,8.100000000000001,5.4,9.3,5.949999999999999,10.45,5.95,11.95,4.05,9.9,9.1,7.7,7.8,5.7,5.8,4.9,3.2,10.2,11.4,3.0,10.0,10.45,6.5,5.1,9.05,11.45
02-15,,2.5,11.0,10.05,16.1,8.25,12.1,4.25,6.15,10.25,6.85,4.65,4.05,10.35,5.3,10.0,8.55,11.1,9.2,8.600000000000001,8.1,5.4,9.3,6.05,10.45,6.0,12.0,4.45,9.95,9.2,7.7,7.9,5.7,5.8,4.9,3.1,10.15,11.55,2.95,10.15,10.45,6.9,5.1,9.05,12.15
02-16,,2.5,10.9,10.15,16.8,8.25,12.4,4.3,6.15,10.25,8.1,4.9,4.15,10.45,5.35,10.05,8.55,11.2,9.25,8.95,8.3,5.4,9.3,6.05,10.65,6.0,12.0,4.45,9.95,9.35,7.7,8.0,5.7,5.8,5.0,2.85,10.15,11.55,2.9,10.3,10.85,7.2,5.15,9.05,12.45
02-17,,2.3,10.9,10.3,16.8,8.25,12.95,4.3,6.300000000000001,10.3,8.3,4.949999999999999,4.15,10.85,5.550000000000001,10.1,8.55,11.2,9.3,9.2,8.3,5.449999999999999,9.3,6.1,10.65,6.1,12.15,4.550000000000001,9.95,9.65,7.7,8.0,5.7,5.8,5.0,2.8,10.15,11.65,3.2,10.55,10.9,7.2,5.3,9.05,12.55
02-18,,2.2,10.9,10.5,16.8,8.25,12.75,4.4,6.300000000000001,10.45,8.35,4.9,4.15,10.9,5.75,10.1,8.7,11.2,9.3,9.4,8.3,5.5,9.35,6.25,10.65,6.199999999999999,12.15,4.550000000000001,9.95,9.7,7.7,8.1,5.7,5.8,5.0,2.8,10.35,11.75,3.5,10.55,10.9,7.6,5.3,9.05,12.7
02-19,,2.0,10.85,10.7,16.8,8.45,12.85,4.4,6.300000000000001,10.8,8.35,4.9,4.25,10.9,5.85,10.2,8.95,11.2,9.5,9.45,8.4,5.6,9.7,6.25,10.75,6.25,12.15,4.65,9.95,9.75,7.7,8.1,5.7,5.9,5.1,2.75,10.35,11.9,3.45,10.6,10.9,7.85,5.3,9.05,12.85
02-20,,2.0,10.85,10.7,17.0,8.5,13.05,4.5,6.300000000000001,10.85,8.399999999999999,4.9,4.4,11.05,5.9,10.2,9.1,11.2,9.5,9.45,8.4,5.7,10.1,6.25,10.9,6.35,12.15,4.65,10.0,9.75,7.8,8.1,5.7,5.9,5.1,2.5,10.35,12.05,3.3,10.75,10.9,7.899999999999999,5.35,9.25,12.9
02-21,,2.0,10.75,10.9,17.3,8.55,13.35,4.6,6.300000000000001,10.85,8.399999999999999,4.9,4.550000000000001,11.15,6.3,10.0,9.2,11.2,9.55,9.85,8.55,5.75,10.2,6.25,10.9,6.4,12.15,4.65,10.0,9.75,7.8,8.1,5.8,5.9,5.1,2.4,10.35,12.05,3.5,10.75,10.9,7.899999999999999,5.4,9.55,12.95
02-22,,2.05,10.75,11.0,17.3,8.55,13.45,4.75,6.300000000000001,10.85,8.399999999999999,4.8,4.7,11.25,6.4,9.85,9.35,11.2,9.55,10.05,8.55,5.9,10.2,6.25,10.9,6.4,12.15,5.0,10.05,9.8,7.8,8.1,6.0,6.3,5.1,2.3,10.5,12.35,3.8,10.75,10.95,7.899999999999999,5.4,9.6,12.95
02-23,,2.05,10.75,11.2,17.6,8.55,13.25,4.85,6.300000000000001,10.85,8.399999999999999,4.8,4.75,11.4,6.5,9.6,9.4,11.2,9.8,10.1,8.9,6.0,10.25,6.3,10.9,6.45,12.15,5.1,10.3,9.8,7.8,8.2,6.0,6.3,5.1,2.3,10.5,12.35,3.8,10.8,10.95,7.899999999999999,5.5,9.7,12.95
02-24,,2.05,10.75,11.0,17.6,8.55,12.95,4.9,6.300000000000001,10.85,8.399999999999999,4.65,4.65,11.55,6.5,9.3,9.4,11.2,9.9,10.1,8.9,6.050000000000001,10.4,6.35,10.95,6.45,12.15,5.199999999999999,10.45,9.8,8.7,8.5,6.0,6.3,5.1,2.3,10.5,12.5,4.1,10.9,10.95,7.899999999999999,5.65,10.05,12.95
02-25,,1.95,10.75,11.7,17.8,8.55,12.7,4.949999999999999,6.300000000000001,10.85,8.399999999999999,4.6,4.65,11.55,6.550000000000001,9.15,9.45,11.25,10.1,10.3,8.95,6.15,10.45,6.4,11.15,6.45,12.15,5.65,10.75,9.8,8.8,9.4,6.0,6.6,5.0,2.25,10.5,12.5,4.25,11.25,10.95,8.0,5.8,10.25,12.95
02-26,,1.8,10.75,12.0,18.0,8.55,12.6,4.949999999999999,6.300000000000001,10.85,8.45,4.5,4.55,11.55,6.6,8.95,9.45,11.25,10.1,10.3,9.45,6.15,10.45,6.550000000000001,11.25,6.45,12.15,6.0,10.75,9.85,8.9,9.4,6.0,6.6,4.8,2.7,10.5,12.8,4.35,11.4,10.95,8.15,5.8,10.3,13.45
02-27,,1.7,10.75,12.1,17.55,8.55,12.45,5.05,6.300000000000001,10.85,8.45,4.4,4.55,11.7,7.05,8.899999999999999,9.45,11.35,10.15,10.25,9.6,6.15,10.45,6.550000000000001,11.4,6.45,12.25,6.0,10.75,9.9,8.9,9.4,6.1,6.6,4.9,2.85,10.45,13.1,4.35,11.4,10.95,8.5,5.8,10.8,13.6
02-28,,1.5,10.8,11.85,18.1,8.7,12.15,5.1,6.300000000000001,10.9,8.55,4.6,4.45,11.7,7.1,8.899999999999999,9.45,11.35,10.25,10.15,9.7,6.15,10.45,6.550000000000001,11.4,6.5,12.3,6.1,10.75,10.0,8.9,9.4,6.1,6.6,5.1,2.85,10.3,13.15,4.4,11.6,10.95,8.5,5.8,11.45,13.6
03-01,,1.5,10.95,11.6,17.55,8.75,11.75,4.85,6.55,10.9,8.75,5.15,4.15,11.8,7.1,8.899999999999999,9.5,11.65,10.3,10.2,10.0,6.199999999999999,10.45,6.6,11.4,6.5,12.3,6.4,10.9,10.05,8.9,9.5,7.0,6.6,5.4,2.85,9.9,13.15,4.55,11.7,10.95,8.6,5.8,11.45,14.45
03-02,,1.5,11.1,11.6,17.55,9.0,11.6,4.65,6.55,12.5,8.95,5.199999999999999,3.5,11.8,7.0,8.899999999999999,9.65,11.95,10.6,10.2,10.0,6.5,10.45,6.75,11.4,6.55,12.3,6.45,10.9,9.95,8.9,9.5,7.0,6.6,5.5,2.95,9.65,13.15,4.949999999999999,11.7,10.95,8.6,5.8,11.6,15.05
03-03,,1.5,11.3,11.5,17.450000000000003,9.0,10.95,4.6,6.55,12.5,9.15,5.199999999999999,3.3,12.3,6.9,9.3,9.85,12.25,10.8,10.2,10.05,6.55,10.45,6.75,11.4,6.6,12.5,6.65,10.9,9.95,9.1,9.9,7.0,6.9,5.5,3.0,9.55,13.15,5.05,11.7,10.95,8.6,5.8,11.7,15.3
03-04,,1.5,11.5,11.7,17.450000000000003,9.1,10.5,4.6,6.55,12.5,9.3,5.0,3.2,12.35,6.949999999999999,9.4,10.25,12.35,10.8,10.15,10.05,6.55,10.45,6.75,11.8,6.65,12.75,6.85,10.9,10.05,9.3,10.1,7.0,6.9,5.9,3.0,9.35,13.15,5.05,11.8,10.95,8.6,5.95,11.85,15.45
03-05,,1.5,11.5,11.9,18.1,9.1,10.2,4.6,6.5,12.5,9.3,4.9,3.1,12.45,6.949999999999999,9.4,10.55,12.55,10.95,10.2,10.2,6.55,10.45,6.8,11.85,6.65,12.75,6.85,10.9,10.1,9.5,10.1,7.0,6.9,5.8,3.0,9.15,13.65,5.15,12.1,11.0,8.6,6.199999999999999,11.85,15.8
03-06,,1.5,11.55,11.9,18.1,9.2,9.95,4.4,6.550000000000001,12.15,9.3,4.95,3.1,12.4,7.15,9.5,10.7,12.5,10.95,10.5,10.25,6.55,10.6,6.8,11.75,6.65,12.85,6.800000000000001,10.9,10.3,9.5,10.4,7.3,7.1,5.7,3.0,9.6,13.65,5.199999999999999,12.1,10.85,8.6,6.4,11.85,16.0
03-07,,1.5,11.6,12.2,18.1,9.45,9.45,4.15,6.6,12.15,9.3,4.95,2.8,12.35,7.15,9.55,10.8,12.55,10.95,10.6,10.35,6.5,10.8,6.8,11.8,6.5,12.95,6.65,10.9,10.5,9.5,10.4,7.3,7.1,5.7,2.75,9.6,13.75,5.199999999999999,12.45,10.85,8.6,6.4,12.1,16.0
03-08,,1.5,11.6,12.2,18.1,9.45,9.25,3.8,6.6,11.85,9.3,5.0,2.75,12.25,7.15,9.4,10.8,12.5,11.1,10.9,10.7,6.4,10.95,6.8,11.7,6.4,13.15,6.6,11.05,10.6,9.6,10.8,7.3,7.1,5.5,2.4,9.65,13.85,5.199999999999999,12.5,10.85,8.6,6.8,12.15,16.0
03-09,,1.5,11.6,12.1,18.1,9.45,9.35,3.25,6.7,11.35,9.3,5.0,2.6,12.1,7.050000000000001,9.25,10.65,12.7,11.25,11.15,10.85,6.6,11.05,6.8,11.45,6.199999999999999,13.55,6.45,11.1,10.75,9.7,10.8,7.3,7.1,5.2,2.05,9.6,13.75,5.0,12.6,11.0,8.6,6.9,12.55,16.0
03-10,,1.5,11.65,11.95,18.1,9.5,9.6,3.0,6.65,10.7,9.5,4.95,1.7,12.35,7.0,8.45,10.55,12.65,11.3,11.25,10.9,6.65,11.1,6.5,11.45,5.85,13.55,6.35,11.1,10.75,9.7,10.7,7.3,7.1,5.8,1.7,9.25,13.7,4.95,12.6,10.95,8.7,7.0,12.8,16.0
03-11,,1.5,11.9,12.05,18.1,9.6,9.95,3.0,6.6,10.3,9.6,5.2,1.2999999999999998,12.35,7.0,8.15,10.65,12.6,11.3,11.4,11.05,6.75,11.2,6.050000000000001,11.4,5.6,13.55,6.199999999999999,11.1,10.8,9.7,10.7,7.2,6.8,5.8,1.45,8.95,13.2,4.9,12.6,10.75,8.7,7.0,12.85,16.0
03-12,,1.5,11.9,12.0,18.1,9.6,10.1,2.95,6.449999999999999,9.75,9.65,5.45,1.05,12.4,7.15,8.1,10.55,12.5,11.2,11.4,11.1,6.75,11.3,5.7,11.05,5.05,13.55,6.050000000000001,11.1,10.85,9.7,10.7,7.2,6.8,5.8,0.9,8.8,12.95,4.85,12.75,10.65,8.65,7.0,13.6,16.4
03-13,,1.35,11.95,11.55,18.1,9.6,10.2,3.15,6.199999999999999,9.75,9.65,5.6,0.5,12.45,6.9,8.1,10.45,12.5,11.0,11.4,10.95,6.75,11.55,5.05,10.7,4.95,13.65,5.9,11.4,10.9,10.1,10.6,6.8,6.6,5.6,0.7,9.05,12.55,4.55,12.75,10.55,8.65,7.2,13.75,16.5
03-14,,1.2,12.15,11.6,18.1,9.65,10.65,3.25,6.1,9.75,9.75,5.6,0.25,12.6,6.9,7.5,10.5,12.3,10.75,11.4,10.9,6.75,11.7,4.9,10.4,4.95,13.95,5.8,11.55,10.8,10.1,10.6,6.4,6.4,5.3,0.4,9.55,12.25,4.85,12.8,10.8,8.6,7.2,13.9,16.6
03-15,,0.8,12.25,11.95,17.8,9.7,10.7,3.8,6.15,9.75,9.75,5.7,0.0,12.8,6.699999999999999,7.2,10.3,12.05,10.6,11.5,10.95,6.75,11.8,4.8,10.25,5.0,13.95,5.55,11.75,10.7,10.1,10.5,6.1,6.0,5.3,0.0,9.75,11.85,5.0,12.85,11.1,8.0,7.6,14.2,16.6
03-16,,0.55,12.45,11.95,18.05,9.7,10.85,4.0,6.15,9.75,9.75,5.7,0.15,13.1,6.5,7.0,10.1,11.8,10.35,11.25,11.05,7.15,11.85,4.85,10.05,5.0,14.1,5.1,11.75,10.55,10.0,11.1,5.7,5.8,5.3,0.0,9.75,11.3,5.449999999999999,12.85,11.1,7.85,7.6,14.2,16.6
03-17,,0.55,12.6,12.5,18.05,9.65,11.0,4.35,6.0,9.9,9.75,5.7,0.05,12.65,6.35,6.449999999999999,10.0,11.45,10.25,11.05,11.2,7.15,11.95,4.75,9.8,5.0,14.1,4.55,11.75,10.4,10.0,11.1,6.8,5.6,5.3,0.0,9.7,10.8,5.449999999999999,12.85,11.1,7.85,7.6,14.45,16.5
03-18,,0.55,13.05,12.7,17.950000000000003,9.6,10.95,4.5,5.949999999999999,10.05,9.75,5.550000000000001,0.0,12.4,6.2,6.0,9.8,11.2,10.2,10.85,11.2,7.0,12.1,4.75,9.55,5.0,14.1,4.1,11.85,10.25,10.0,11.1,7.0,5.6,5.3,0.0,9.6,10.25,5.5,12.8,11.2,7.85,7.649999999999999,14.65,16.299999999999997
03-19,,0.55,13.1,12.85,18.05,9.55,10.95,4.65,5.800000000000001,11.15,9.5,5.5,0.0,12.1,6.2,5.85,9.6,10.85,10.1,10.55,11.55,6.65,12.2,4.65,8.9,5.1,14.2,3.3,12.0,9.8,10.0,11.4,7.0,5.3,5.2,0.0,9.3,9.85,5.5,12.7,11.1,7.85,7.649999999999999,14.7,15.95
03-20,,0.55,13.2,13.0,18.0,9.4,10.95,4.65,5.7,11.2,9.2,5.550000000000001,0.0,11.75,5.95,5.45,9.3,10.4,9.9,10.25,11.55,6.449999999999999,12.3,4.9,8.5,5.300000000000001,14.2,3.1,12.1,9.45,9.9,12.0,7.0,5.4,4.9,0.0,8.8,9.3,5.65,12.5,11.0,7.9,7.75,14.9,15.6
03-21,,0.55,13.2,13.1,18.0,9.4,10.85,4.55,5.65,11.25,8.55,5.550000000000001,0.0,11.6,5.9,5.6,8.95,9.8,9.75,10.35,11.7,6.0,12.05,4.45,7.949999999999999,5.4,14.2,3.05,12.15,8.95,9.8,12.4,6.9,5.4,4.8,0.0,8.45,8.8,5.95,12.3,10.9,7.9,7.55,15.0,15.25
03-22,,0.55,13.25,13.45,18.05,9.4,10.35,4.3,5.65,10.95,8.3,5.550000000000001,0.0,11.1,5.9,5.699999999999999,9.1,9.45,9.5,10.25,11.7,5.699999999999999,11.85,4.1,7.5,6.199999999999999,14.2,2.6,12.25,9.45,10.2,12.8,6.5,5.4,4.6,0.0,8.8,8.75,5.65,12.15,10.8,8.15,7.5,15.05,15.2
03-23,,0.55,13.25,13.65,18.15,9.3,9.95,4.25,6.05,10.6,8.15,5.65,0.0,10.5,6.1000000000000005,5.699999999999999,9.5,9.15,9.1,10.05,12.15,5.449999999999999,11.95,3.95,6.85,6.8,14.25,2.05,12.1,9.6,10.6,13.1,6.3,5.4,4.4,0.15,8.85,8.649999999999999,5.6,12.05,10.6,8.15,7.050000000000001,15.1,15.4
03-24,,0.55,13.35,13.8,18.3,9.2,9.85,4.2,5.949999999999999,10.3,7.5,5.85,0.0,10.35,5.9,5.75,9.7,9.05,8.899999999999999,9.65,12.05,4.9,12.05,3.8,6.45,6.949999999999999,14.15,1.5,12.1,9.5,10.6,13.5,5.9,5.4,4.2,0.6499999999999999,8.85,8.4,5.4,12.15,10.45,8.2,6.6,15.25,15.45
03-25,,0.7,12.95,14.1,18.85,9.5,9.75,4.15,5.9,10.5,7.1,5.9,0.0,9.95,5.85,5.9,9.65,8.75,8.85,9.15,11.65,4.5,12.1,3.5,6.05,6.95,14.15,0.9,12.1,9.95,10.5,13.7,5.4,5.4,3.8,0.25,8.65,8.35,5.4,11.95,10.55,8.35,5.9,15.45,15.65
03-26,,0.95,12.95,14.15,18.950000000000003,9.9,9.5,4.05,5.6,10.65,6.7,7.4,0.0,9.5,5.65,5.8,9.7,8.2,8.55,9.25,11.3,4.2,11.95,3.8,6.1,6.85,14.15,0.55,12.1,10.0,10.9,13.9,5.4,5.1,3.8,0.0,8.350000000000001,8.15,5.6,11.65,10.65,8.35,5.45,15.45,16.1
03-27,,0.95,12.9,14.55,19.3,10.35,8.3,3.95,5.550000000000001,10.75,6.7,5.9,0.0,8.95,5.4,5.45,9.8,8.3,8.6,9.25,10.9,4.2,11.65,3.85,6.45,6.75,14.15,1.25,12.1,10.15,10.9,14.2,5.2,4.9,4.1,0.0,8.2,8.899999999999999,5.45,11.65,10.55,8.3,4.95,15.5,16.1
03-28,,0.95,12.8,14.55,19.3,10.75,7.449999999999999,3.8,5.449999999999999,10.65,6.7,5.75,0.0,8.55,4.85,5.35,10.2,8.55,8.9,9.25,10.95,3.7,11.2,4.1,6.2,7.15,14.4,1.95,12.1,9.7,10.9,14.4,4.9,4.4,3.9,0.0,8.3,8.899999999999999,5.1,11.7,10.5,8.15,4.300000000000001,15.5,16.3
03-29,,1.0,12.75,14.8,19.5,10.85,6.699999999999999,3.75,5.3,10.6,6.6,5.75,0.0,8.350000000000001,4.15,5.3,10.25,8.649999999999999,8.8,9.15,10.9,3.65,10.9,3.95,5.75,7.95,14.4,1.95,12.15,9.9,10.9,14.4,4.8,3.9,4.1,0.0,8.5,8.75,4.6,11.8,10.4,8.05,3.95,15.75,16.3
03-30,,1.0,13.05,15.0,19.55,10.85,6.1,3.75,5.449999999999999,10.5,6.2,5.6,0.0,8.0,3.4,5.2,10.3,8.100000000000001,8.7,9.25,10.85,3.25,10.65,3.55,5.050000000000001,7.95,14.4,1.7999999999999998,12.35,10.25,11.0,14.2,4.0,3.3,4.2,0.0,8.5,8.75,4.1,11.75,10.25,8.0,3.5,15.8,16.3
03-31,,1.0,13.7,15.05,19.55,10.8,5.15,3.6,5.949999999999999,10.6,5.5,5.4,0.0,7.300000000000001,3.0,5.15,10.15,8.45,8.55,9.45,10.6,2.5,10.25,3.1,4.35,8.2,14.85,1.2,12.5,10.55,11.1,13.8,2.8,2.7,4.2,0.0,8.35,8.8,3.65,11.35,10.2,7.85,3.05,15.95,16.45
04-01,,0.95,14.15,15.05,19.55,10.5,4.85,3.0,5.85,10.9,4.6,4.9,0.0,7.7,2.7,5.0,10.2,8.65,8.75,9.7,9.9,2.0,9.7,2.9,4.199999999999999,8.05,14.85,1.0,12.55,10.55,11.2,13.2,2.7,2.1,4.5,0.0,7.800000000000001,8.399999999999999,3.1,10.95,10.25,7.5,2.5,16.1,16.15
04-02,,0.65,14.55,15.25,19.5,9.8,4.8,2.35,5.449999999999999,11.4,3.6,4.8,0.0,7.800000000000001,2.3,4.7,10.3,8.6,8.85,9.9,9.2,2.0,9.3,2.95,3.5500000000000003,7.75,14.85,0.7,12.45,11.0,11.7,13.2,2.5,1.1,4.5,0.0,7.0,8.3,3.05,10.8,10.25,7.1,2.15,16.65,15.6
04-03,,0.75,14.6,15.5,19.55,9.25,4.55,1.85,5.25,11.65,2.6,4.4,0.0,7.45,2.35,4.15,10.3,8.4,9.1,10.05,8.5,2.05,8.75,3.25,2.7,7.699999999999999,14.4,0.35,12.3,11.15,11.8,13.2,2.0,0.3,4.5,0.0,6.0,8.2,2.95,10.3,10.15,6.4,1.7000000000000002,16.85,14.7
04-04,,0.8,14.7,15.95,19.55,8.6,3.85,1.7,5.15,11.65,1.7999999999999998,3.7,0.0,7.35,2.35,3.35,10.15,8.4,9.2,10.25,7.5,2.0,8.0,3.35,1.85,7.85,14.1,0.1,12.3,11.2,11.9,13.2,1.2,0.2,4.5,0.0,5.5,7.55,2.6500000000000004,9.85,9.55,5.75,1.45,16.95,14.0
04-05,,0.55,14.7,15.95,19.55,8.1,3.25,1.55,4.550000000000001,11.1,0.9,3.05,0.0,7.35,2.1,2.65,9.95,8.399999999999999,9.25,10.5,6.85,2.0,7.15,3.45,1.35,7.75,14.6,0.0,12.2,11.25,12.2,13.2,1.0,0.1,3.7,0.0,4.95,6.8500000000000005,2.4,9.55,9.3,5.9,1.25,17.2,14.0
04-06,,0.35,14.9,16.3,19.55,7.6,2.75,1.2,4.050000000000001,10.25,0.4,2.95,0.0,7.199999999999999,2.25,1.95,9.55,8.45,9.35,10.6,6.15,1.85,6.05,3.95,1.1,7.15,15.15,0.0,12.35,11.05,12.2,13.3,0.8,0.2,3.1,0.0,4.0,6.25,1.95,9.05,8.85,5.9,1.0,17.4,14.35
04-07,,0.0,14.95,16.5,19.6,7.1,2.55,0.85,3.95,9.25,0.15,2.95,0.0,7.1,2.45,1.55,8.8,8.5,9.35,10.65,5.800000000000001,2.65,5.6,4.1,0.6000000000000001,6.75,15.0,0.0,12.6,10.45,12.2,13.3,0.6,0.5,2.2,0.4,2.8,5.55,0.8500000000000001,8.2,8.35,5.25,0.4,17.35,14.4
04-08,,0.3,15.0,16.7,19.700000000000003,6.25,2.6500000000000004,1.0,3.95,7.65,0.0,2.8,0.0,6.550000000000001,2.45,1.55,8.05,8.65,9.3,11.35,4.8,2.6,5.1,3.85,0.05,6.75,14.65,0.0,12.8,10.7,12.2,13.4,0.0,0.1,1.4,0.4,1.65,6.300000000000001,0.55,7.25,7.2,4.85,0.05,17.3,14.4
04-09,,0.0,14.85,16.5,19.700000000000003,5.55,2.0,0.95,3.85,7.05,0.0,2.7,0.0,6.5,2.9,1.75,7.1,8.65,9.2,11.45,4.199999999999999,2.7,4.6,3.0,0.0,6.75,15.05,0.0,12.85,10.7,11.8,13.4,0.0,0.0,0.9,0.15,1.15,6.300000000000001,0.2,7.7,6.35,4.1,0.0,17.0,13.85
04-10,,0.2,14.75,16.5,20.35,5.0,1.3,0.45,3.45,6.449999999999999,0.0,2.95,0.0,6.6,2.9,1.7000000000000002,6.5,8.65,8.7,11.75,3.4000000000000004,2.8,4.300000000000001,2.1,0.0,6.7,14.95,0.0,13.0,10.55,11.6,13.5,0.0,0.0,0.4,0.0,0.6,6.2,0.15,7.9,5.6,3.2,0.0,16.25,13.05
04-11,,0.2,14.1,16.75,20.35,4.3,0.6,0.0,2.25,5.9,0.0,3.05,0.0,6.949999999999999,2.35,1.6,6.2,8.65,8.600000000000001,11.85,2.55,3.05,3.5,1.3,0.0,6.4,14.85,0.0,13.35,10.3,11.4,13.4,0.0,0.0,0.0,0.0,0.0,5.95,0.15,8.1,4.85,2.8,0.45,15.3,12.05
04-12,,0.3,14.0,16.35,20.35,3.45,0.0,0.0,1.35,5.45,0.0,3.0,0.0,7.199999999999999,1.85,1.35,6.199999999999999,8.3,8.600000000000001,11.35,1.65,3.2,2.65,0.65,0.0,5.75,14.4,0.0,12.7,9.65,11.5,13.1,0.0,0.0,0.0,0.0,0.0,4.9,0.45,8.2,4.25,2.2,0.75,14.55,11.0
04-13,,0.4,14.0,16.35,20.200000000000003,2.4000000000000004,0.0,0.0,0.75,4.6,0.0,2.9,0.0,7.1,1.45,1.2,6.199999999999999,7.95,8.7,11.0,1.2,3.3,1.5,0.2,0.0,5.4,13.55,0.0,11.95,8.85,11.5,12.6,0.0,0.0,0.0,0.0,0.0,4.9,0.05,7.899999999999999,3.8,1.9,1.05,14.55,10.2
04-14,,0.5,13.95,16.35,19.700000000000003,1.85,0.0,0.0,0.15,3.7,0.0,2.9,0.0,6.95,0.9,1.15,5.85,7.85,8.600000000000001,10.9,0.95,3.4,0.15,0.4,0.0,5.5,12.85,0.0,11.05,9.05,11.0,12.5,0.0,0.0,0.0,0.0,0.0,5.15,0.1,7.550000000000001,3.1,1.7,1.45,14.55,9.8
04-15,,0.55,13.95,16.25,19.1,1.35,0.0,0.0,0.0,2.45,0.0,2.9,0.0,6.7,0.35,1.1,5.4,7.35,8.7,10.5,0.5,2.75,0.15,0.0,0.0,5.05,12.05,0.0,11.3,9.4,10.3,12.4,0.0,0.0,0.0,0.0,0.0,5.15,0.1,7.0,2.65,1.45,1.4,14.4,9.5
04-16,,0.55,13.95,16.1,18.200000000000003,1.0,0.0,0.0,0.0,1.65,0.0,2.9,0.0,6.05,0.0,1.05,5.15,6.2,8.6,9.65,0.1,2.0,0.35,0.05,0.0,4.05,12.25,0.0,11.3,9.5,9.5,11.2,0.0,0.0,0.0,0.0,0.0,4.0,0.1,6.65,2.35,1.25,1.2,13.45,8.7
04-17,,0.5,13.7,16.1,17.45,0.55,0.0,0.0,0.0,0.75,0.0,2.8,0.0,5.55,0.0,1.0,4.95,5.199999999999999,8.399999999999999,8.65,0.0,1.2000000000000002,0.7,0.8500000000000001,0.0,3.4000000000000004,12.5,0.0,11.0,9.25,8.7,10.2,0.0,0.0,0.0,0.0,0.0,3.05,0.1,6.1,1.75,0.75,0.6,13.4,8.55
04-18,,0.55,13.35,15.9,17.2,0.25,0.0,0.0,0.0,0.0,0.0,2.8,0.0,5.75,0.0,0.95,5.25,4.15,8.100000000000001,7.65,0.0,0.5,0.95,0.95,0.0,3.4000000000000004,12.5,0.3,10.1,8.5,7.8,10.4,0.0,0.0,0.0,0.0,0.0,2.5,0.0,5.0,0.7999999999999999,0.2,0.15,13.6,7.85
04-19,,0.8,13.35,15.5,17.3,0.25,0.0,0.0,0.0,0.0,0.0,2.25,0.0,6.0,0.0,0.75,5.3,2.9000000000000004,7.55,6.5,0.0,0.6000000000000001,1.15,0.7,0.0,3.8,12.45,0.1,9.55,7.449999999999999,6.7,10.4,0.0,0.0,0.0,0.0,0.0,1.8,0.0,3.8,0.0,0.0,0.0,13.6,7.05
04-20,,1.0,12.85,15.1,17.3,0.3999999999999999,0.0,0.0,0.0,0.0,0.0,2.15,0.0,5.25,0.0,1.5,5.4,1.85,6.75,5.75,0.0,1.1,1.15,0.0,0.1,4.85,11.7,0.0,9.8,6.300000000000001,5.8,10.3,0.0,0.0,0.0,0.0,0.0,1.65,0.0,2.9,0.0,0.0,0.0,13.5,6.199999999999999
04-21,,0.4,12.1,14.6,16.95,0.75,0.0,0.0,0.0,0.0,0.0,2.05,0.0,4.4,0.0,2.05,5.25,1.1,5.85,5.75,0.0,0.8,0.7,0.0,0.5,4.7,10.85,0.0,10.0,5.1,5.1,10.4,0.0,0.0,0.0,0.0,0.0,1.45,0.0,2.0,0.0,0.0,0.0,13.35,5.15
04-22,,0.5,11.4,13.8,16.15,0.65,0.0,0.0,0.0,0.0,0.0,1.85,0.0,3.5,0.0,1.1,4.75,0.25,4.8,5.4,0.0,0.55,0.05,0.0,0.15,4.1,9.6,0.0,9.45,3.7,5.7,10.3,0.0,0.0,0.0,0.0,0.1,0.95,0.0,0.75,0.0,0.0,0.0,12.8,4.4
04-23,,0.55,10.55,12.6,15.5,0.65,0.0,0.0,0.0,0.0,0.0,1.45,0.0,3.45,0.0,0.5,3.9,0.7,3.5,5.05,0.0,0.3,0.0,0.0,0.0,3.4,8.850000000000001,0.0,9.25,2.9000000000000004,5.4,10.3,0.0,0.0,0.0,0.0,0.25,0.65,0.0,0.0,0.0,0.0,0.0,12.2,3.7
04-24,,0.55,10.15,12.6,15.4,0.65,0.0,0.0,0.0,0.0,0.0,1.3,0.0,3.15,0.0,0.2,3.1,0.25,3.45,4.3,0.0,0.0,0.0,0.0,0.0,3.75,8.4,0.0,9.35,2.75,4.9,10.5,0.0,0.0,0.0,0.0,0.3,1.35,0.0,0.0,0.0,0.0,0.0,11.45,2.75
04-25,,0.55,9.4,12.7,15.35,0.8,0.0,0.0,0.0,0.0,0.0,1.6,0.0,2.4,0.0,0.0,2.3,0.0,3.05,2.85,0.0,0.0,0.0,0.0,0.0,3.5500000000000003,7.699999999999999,0.0,8.899999999999999,1.85,4.2,10.9,0.0,0.0,0.0,0.0,0.8,1.05,0.0,0.0,0.0,0.0,0.0,11.05,2.0
04-26,,0.65,9.0,12.7,15.4,0.8,0.0,0.0,0.0,0.0,0.0,1.8,0.0,1.2,0.05,0.0,1.35,0.0,2.45,2.25,0.0,0.0,0.0,0.0,0.0,2.8,6.55,0.0,8.45,1.35,3.0,10.9,0.0,0.0,0.0,0.0,0.15,1.0,0.0,0.0,0.0,0.0,0.0,10.05,1.55
04-27,,0.55,8.05,12.2,15.35,0.35,0.0,0.0,0.0,0.0,0.0,1.7999999999999998,0.0,0.5,0.0,0.0,0.8,0.0,1.65,1.35,0.0,0.0,0.05,0.0,0.0,2.25,5.2,0.0,7.3,0.9,2.5,10.9,0.0,0.0,0.0,0.0,0.0,0.9,0.0,0.0,0.0,0.0,0.0,8.95,1.05
04-28,,0.0,7.45,11.7,16.8,0.0,0.0,0.0,0.0,0.0,0.0,1.65,0.0,0.1,0.0,0.0,0.2,0.0,1.1,1.4,0.0,0.0,0.0,0.0,0.0,1.7999999999999998,3.95,0.0,6.1,0.3,2.6,10.9,0.0,0.0,0.0,0.0,0.0,0.75,0.0,0.0,0.0,0.0,0.0,7.8,0.0
04-29,,0.0,6.75,11.5,15.35,0.0,0.0,0.0,0.0,0.0,0.0,1.65,0.0,0.0,0.0,0.1,0.0,0.0,0.45,1.45,0.0,0.0,0.0,0.0,0.0,1.1,2.55,0.0,5.15,0.0,3.0,11.1,0.0,0.0,0.0,0.0,0.0,0.45,0.0,0.0,0.0,0.0,0.0,6.6,0.0
04-30,,0.0,5.45,10.5,15.45,0.0,0.0,0.0,0.0,0.0,0.0,1.5,0.0,0.0,0.0,0.0,0.0,0.15,0.0,1.35,0.0,0.0,0.0,0.0,0.0,0.55,0.8,0.0,5.5,0.0,3.0,11.1,0.0,0.0,0.0,0.0,0.0,0.0,0.0,0.0,0.0,0.0,0.0,5.300000000000001,0.0
05-01,,0.0,4.2,10.15,15.45,0.0,0.0,0.0,0.0,0.0,0.0,1.35,0.0,0.0,0.0,0.15,0.0,0.15,0.0,1.1,0.0,0.0,0.2,0.0,0.0,0.2,0.0,0.0,5.75,0.0,2.9,11.1,0.0,0.0,0.0,0.0,0.0,0.0,0.0,0.0,0.0,0.0,0.0,3.85,0.0
05-02,,0.0,3.55,9.45,15.15,0.0,0.0,0.0,0.0,0.0,0.0,1.35,0.0,0.0,0.0,0.6,0.0,0.0,0.0,1.6,0.0,0.0,0.0,0.0,0.0,0.0,0.0,0.0,5.050000000000001,0.0,2.5,11.1,0.0,0.0,0.0,0.0,0.0,0.0,0.0,0.0,0.0,0.0,0.0,2.65,0.0
05-03,,0.0,1.65,8.55,14.4,0.0,0.0,0.0,0.0,0.0,0.0,1.05,0.0,0.1,0.0,0.0,0.0,0.0,0.0,2.55,0.0,0.0,0.0,0.0,0.0,0.0,0.0,0.0,4.3,0.0,1.3,10.9,0.0,0.0,0.0,0.0,0.0,0.0,0.0,0.0,0.0,0.0,0.0,1.4,0.0
05-04,,0.0,0.65,7.75,14.2,0.0,0.0,0.0,0.0,0.0,0.0,0.7,0.0,0.4,0.0,0.0,0.0,0.0,0.0,2.7,0.0,0.0,0.0,0.3,0.0,0.0,0.0,0.0,3.35,0.05,0.0,10.3,0.0,0.0,0.0,0.0,0.0,0.0,0.0,0.0,0.0,0.0,0.0,1.1,0.4499999999999999
05-05,,0.0,0.15,7.75,14.1,0.0,0.0,0.0,0.0,0.0,0.0,0.0,0.0,0.0,0.0,0.0,0.0,0.0,0.0,2.45,0.0,0.0,0.0,0.0,0.0,0.0,0.0,0.0,2.1,0.0,0.0,8.9,0.0,0.0,0.0,0.0,0.0,0.0,0.0,0.0,0.0,0.0,0.0,0.95,0.25
05-06,,0.0,0.0,7.4,13.8,0.0,0.0,0.0,0.3,0.0,0.0,0.0,0.0,0.0,0.0,0.1,0.0,0.0,0.0,1.8,0.0,0.0,0.0,0.0,0.0,0.0,0.0,0.0,0.7,0.0,0.0,7.7,0.0,0.0,0.0,0.0,0.0,0.0,0.0,0.0,0.0,0.0,0.0,0.95,0.25
05-07,,0.0,0.0,6.949999999999999,13.8,0.0,0.0,0.0,0.0,0.0,0.0,0.0,0.0,0.0,0.0,0.05,0.0,0.0,0.0,1.4,0.0,0.0,0.0,0.0,0.0,0.0,0.0,0.0,0.25,0.0,0.0,6.2,0.0,0.0,0.0,0.0,0.0,0.0,0.0,0.0,0.0,0.0,0.0,0.6,0.4
05-08,,0.0,0.0,6.55,12.9,0.0,0.0,0.0,0.0,0.0,0.0,0.0,0.0,0.0,0.0,0.0,0.0,0.0,0.0,1.1,0.0,0.0,0.0,0.35,0.0,0.0,0.0,0.0,0.0,0.0,0.0,5.7,0.0,0.0,0.0,0.0,0.0,0.0,0.0,0.0,0.0,0.0,0.25,0.2,0.1
05-09,,0.0,0.0,6.550000000000001,11.55,0.0,0.0,0.0,0.0,0.0,0.0,0.0,0.0,0.0,0.0,0.0,0.0,0.0,0.0,0.85,0.0,0.0,0.0,0.25,0.0,0.0,0.0,0.0,0.0,0.0,0.0,5.7,0.0,0.0,0.0,0.0,0.0,0.0,0.0,0.0,0.0,0.0,0.0,0.0,0.0
05-10,,0.0,0.0,6.5,10.55,0.0,0.0,0.0,0.0,0.0,0.0,0.0,0.0,0.0,0.0,0.0,0.0,0.0,0.0,0.45,0.0,0.0,0.0,0.1,0.1,0.0,0.0,0.0,0.0,0.0,0.1,5.9,0.0,0.0,0.0,0.0,0.0,0.0,0.0,0.0,0.0,0.0,0.0,0.0,0.0
05-11,,0.0,0.0,6.5,9.4,0.0,0.0,0.0,0.0,0.0,0.0,0.0,0.0,0.0,0.0,0.0,0.0,0.0,0.0,0.0,0.0,0.0,0.0,0.0,0.0,0.0,0.0,0.0,0.0,0.0,0.1,4.8,0.0,0.0,0.0,0.0,0.0,0.0,0.0,0.0,0.0,0.0,0.0,0.0,0.0
05-12,,0.0,0.0,6.5,8.2,0.0,0.0,0.0,0.0,0.0,0.0,0.0,0.0,0.0,0.0,0.0,0.0,0.0,0.0,0.0,0.0,0.0,0.0,0.0,0.0,0.0,0.0,0.0,0.0,0.0,0.0,3.6,0.0,0.0,0.0,0.0,0.0,0.0,0.0,0.0,0.0,0.0,0.0,0.0,0.0
05-13,,0.0,0.0,6.15,6.2,0.0,0.0,0.0,0.0,0.0,0.0,0.0,0.0,0.0,0.0,0.0,0.0,0.0,0.0,0.0,0.0,0.0,0.0,0.0,0.0,0.0,0.0,0.0,0.0,0.0,0.0,2.4,0.0,0.0,0.0,0.0,0.0,0.0,0.0,0.0,0.0,0.0,0.0,0.0,0.0
05-14,,0.0,0.0,5.199999999999999,4.85,0.0,0.0,0.0,0.0,0.0,0.0,0.0,0.0,0.0,0.0,0.0,0.0,0.0,0.0,0.05,0.0,0.0,0.0,0.0,0.0,0.0,0.0,0.0,0.0,0.0,0.0,0.5,0.0,0.0,0.0,0.0,0.0,0.0,0.0,0.0,0.0,0.0,0.0,0.0,0.0
05-15,,0.0,0.0,5.25,4.65,0.0,0.0,0.0,0.0,0.0,0.0,0.0,0.0,0.0,0.0,0.0,0.0,0.0,0.0,0.0,0.0,0.0,0.0,0.0,0.0,0.0,0.0,0.0,0.0,0.0,0.0,0.0,0.0,0.0,0.0,0.0,0.0,0.0,0.0,0.0,0.0,0.0,0.0,0.0,0.0
05-16,,0.0,0.0,5.1,4.300000000000001,0.0,0.0,0.0,0.0,0.0,0.0,0.0,0.0,0.0,0.0,0.0,0.0,0.0,0.0,0.0,0.0,0.0,0.0,0.0,0.0,0.0,0.0,0.0,0.0,0.0,0.0,0.0,0.0,0.0,0.0,0.0,0.0,0.0,0.0,0.0,0.0,0.0,0.0,0.0,0.0
05-17,,0.0,0.0,3.85,3.7,0.0,0.0,0.0,0.0,0.0,0.0,0.0,0.0,0.0,0.0,0.0,0.0,0.0,0.0,0.0,0.0,0.0,0.0,0.0,0.0,0.0,0.0,0.0,0.0,0.0,0.0,0.0,0.0,0.0,0.0,0.0,0.0,0.8500000000000001,0.0,0.4,0.0,0.0,0.0,0.0,0.0
05-18,,0.0,0.0,3.25,2.45,0.0,0.0,0.0,0.0,0.0,0.0,0.0,0.0,0.0,0.0,0.0,0.0,0.0,0.0,0.0,0.0,0.0,0.0,0.0,0.0,0.0,0.0,0.0,0.0,0.0,0.0,0.2,0.0,0.0,0.0,0.0,0.0,0.1,0.0,0.0,0.0,0.0,0.0,0.0,0.0
05-19,,0.0,0.0,1.85,1.35,0.0,0.0,0.0,0.0,0.0,0.0,0.0,0.0,0.0,0.0,0.0,0.0,0.0,0.0,0.0,0.0,0.0,0.0,0.0,0.0,0.0,0.0,0.0,0.0,0.0,0.0,0.0,0.0,0.0,0.0,0.0,0.0,0.0,0.0,0.0,0.0,0.0,0.0,0.0,0.0
05-20,,0.0,0.0,0.85,0.05,0.0,0.0,0.0,0.0,0.0,0.0,0.0,0.0,0.0,0.0,0.0,0.0,0.0,0.0,0.0,0.0,0.0,0.0,0.0,0.0,0.0,0.0,0.0,0.0,0.0,0.0,0.0,0.0,0.0,0.0,0.0,0.0,0.0,0.0,0.0,0.3,0.0,0.0,0.0,0.0
05-21,,0.0,0.0,0.35,0.0,0.0,0.0,0.0,0.0,0.0,0.0,0.0,0.0,0.0,0.0,0.0,0.0,0.0,0.0,0.0,0.0,0.0,0.0,0.0,0.0,0.0,0.0,0.0,0.0,0.0,0.0,0.0,0.0,0.0,0.0,0.0,0.0,0.0,0.0,0.0,0.0,0.0,0.0,0.0,0.0
05-22,,0.0,0.0,0.3,0.0,0.0,0.0,0.0,0.0,0.0,0.0,0.0,0.0,0.0,0.0,0.0,0.0,0.0,0.0,0.0,0.0,0.0,0.0,0.0,0.0,0.0,0.0,0.0,0.0,0.0,0.6,0.0,0.0,0.0,0.0,0.0,0.0,0.0,0.0,0.0,0.0,0.0,0.0,0.0,0.0
05-23,,0.0,0.0,0.0,0.0,0.0,0.0,0.0,0.0,0.0,0.0,0.0,0.0,0.0,0.0,0.0,0.0,0.0,0.0,0.0,0.0,0.0,0.0,0.0,0.0,0.0,0.0,0.0,0.0,0.0,0.0,0.0,0.0,0.0,0.0,0.0,0.0,0.0,0.0,0.0,0.0,0.1,0.0,0.0,0.0
05-24,,0.0,0.0,0.0,0.0,0.0,0.0,0.0,0.0,0.0,0.0,0.0,0.0,0.0,0.0,0.0,0.0,0.0,0.0,0.0,0.0,0.0,0.0,0.0,0.0,0.0,0.0,0.0,0.0,0.0,0.0,0.0,0.0,0.0,0.0,0.0,0.0,0.0,0.0,0.0,0.0,0.0,0.0,0.0,0.0
05-25,,0.0,0.0,0.0,0.0,0.0,0.0,0.0,0.0,0.0,0.0,0.0,0.0,0.0,0.0,0.0,0.0,0.0,0.15,0.0,0.0,0.0,0.0,0.0,0.0,0.0,0.0,0.0,0.0,0.0,0.0,0.0,0.0,0.0,0.0,0.0,0.0,0.0,0.0,0.0,0.0,0.0,0.0,0.0,0.0
05-26,,0.0,0.0,0.0,0.0,0.0,0.0,0.0,0.0,0.0,0.0,0.0,0.0,0.0,0.0,0.0,0.0,0.0,0.15,0.0,0.0,0.0,0.0,0.0,0.0,0.0,0.0,0.0,0.0,0.0,0.0,0.0,0.0,0.0,0.0,0.0,0.0,0.0,0.0,0.0,0.0,0.0,0.0,0.0,0.0
05-27,,0.0,0.0,0.0,0.0,0.0,0.0,0.0,0.0,0.0,0.0,0.0,0.0,0.0,0.0,0.0,0.0,0.0,0.0,0.0,0.0,0.0,0.0,0.0,0.0,0.0,0.15,0.0,0.0,0.0,0.0,0.0,0.0,0.0,0.0,0.0,0.0,0.0,0.0,0.0,0.0,0.0,0.0,0.0,0.0
05-28,,0.0,0.0,0.0,0.0,0.0,0.0,0.0,0.0,0.0,0.0,0.0,0.0,0.0,0.0,0.0,0.0,0.0,0.0,0.0,0.0,0.0,0.0,0.0,0.0,0.0,0.0,0.0,0.0,0.0,0.0,0.0,0.0,0.0,0.0,0.0,0.0,0.0,0.0,0.0,0.0,0.0,0.0,0.0,0.0
05-29,,0.0,0.0,0.0,0.0,0.0,0.0,0.0,0.2,0.0,0.0,0.0,0.0,0.0,0.0,0.0,0.0,0.0,0.0,0.0,0.0,0.0,0.0,0.0,0.0,0.0,0.0,0.0,0.0,0.0,0.0,0.0,0.0,0.0,0.0,0.0,0.0,0.0,0.0,0.0,0.0,0.0,0.0,0.0,0.0
05-30,,0.0,0.0,0.0,0.0,0.0,0.0,0.0,0.4,0.0,0.0,0.0,0.0,0.0,0.0,0.0,0.0,0.0,0.0,0.0,0.0,0.0,0.0,0.0,0.0,0.0,0.0,0.0,0.0,0.0,0.0,0.0,0.0,0.0,0.0,0.0,0.0,0.0,0.0,0.0,0.0,0.0,0.0,0.0,0.0
05-31,,0.0,0.0,0.0,0.0,0.0,0.0,0.0,0.0,0.0,0.0,0.0,0.0,0.0,0.0,0.0,0.0,0.0,0.0,0.0,0.0,0.0,0.0,0.0,0.0,0.0,0.0,0.0,0.0,0.0,0.0,0.0,0.0,0.0,0.0,0.0,0.0,0.0,0.0,0.0,0.0,0.0,0.0,0.0,0.0
06-01,,0.0,0.0,0.0,0.0,0.0,0.0,0.0,0.0,0.0,0.0,0.0,0.0,0.0,0.0,0.0,0.0,0.0,0.0,0.0,0.0,0.0,0.0,0.0,0.0,0.0,0.0,0.0,0.0,0.0,0.0,0.0,0.0,0.0,0.0,0.0,0.0,0.0,0.0,0.0,0.0,0.0,0.0,0.0,0.0
06-02,,0.0,0.0,0.0,0.0,0.0,0.0,0.0,0.0,0.0,0.0,0.0,0.0,0.0,0.0,0.0,0.0,0.0,0.0,0.0,0.0,0.0,0.0,0.0,0.0,0.0,0.0,0.0,0.0,0.0,0.0,0.0,0.0,0.0,0.0,0.0,0.0,0.0,0.0,0.0,0.0,0.0,0.0,0.0,0.0
06-03,,0.0,0.0,0.0,0.0,0.0,0.0,0.0,0.0,0.0,0.0,0.0,0.0,0.0,0.0,0.0,0.0,0.0,0.0,0.0,0.0,0.0,0.0,0.0,0.0,0.0,0.0,0.0,0.0,0.0,0.0,0.0,0.0,0.0,0.0,0.0,0.0,0.0,0.0,0.0,0.0,0.0,0.0,0.0,0.0
06-04,,0.0,0.0,0.0,0.0,0.0,0.0,0.0,0.0,0.0,0.0,0.0,0.0,0.0,0.0,0.0,0.0,0.0,0.0,0.0,0.0,0.0,0.0,0.0,0.0,0.0,0.0,0.0,0.0,0.0,0.0,0.0,0.0,0.0,0.0,0.0,0.0,0.0,0.0,0.0,0.0,0.0,0.0,0.0,0.0
06-05,,0.0,0.0,0.0,0.0,0.0,0.0,0.0,0.0,0.0,0.0,0.0,0.0,0.0,0.0,0.0,0.0,0.0,0.0,0.0,0.0,0.0,0.0,0.0,0.0,0.0,0.0,0.0,0.0,0.0,0.0,0.0,0.0,0.0,0.0,0.0,0.0,0.0,0.0,0.0,0.0,0.0,0.0,0.0,0.0
06-06,,0.0,0.0,0.0,0.0,0.0,0.0,0.0,0.0,0.0,0.0,0.0,0.0,0.0,0.0,0.0,0.0,0.0,0.0,0.0,0.0,0.0,0.0,0.0,0.0,0.0,0.0,0.0,0.0,0.0,0.0,0.0,0.0,0.0,0.0,0.0,0.0,0.0,0.0,0.0,0.0,0.0,0.0,0.0,0.0
06-07,,0.0,0.0,0.0,0.0,0.0,0.0,0.0,0.0,0.0,0.0,0.0,0.0,0.0,0.0,0.0,0.0,0.0,0.0,0.0,0.0,0.0,0.0,0.0,0.0,0.0,0.0,0.0,0.0,0.0,0.0,0.0,0.0,0.0,0.0,0.0,0.0,0.0,0.0,0.0,0.0,0.0,0.0,0.0,0.0
06-08,,0.0,0.0,0.0,0.0,0.0,0.0,0.0,0.0,0.0,0.0,0.0,0.0,0.0,0.0,0.0,0.0,0.0,0.0,0.0,0.0,0.0,0.0,0.0,0.0,0.0,0.0,0.0,0.0,0.0,0.0,0.0,0.0,0.0,0.0,0.0,0.0,0.0,0.0,0.0,0.0,0.0,0.0,0.0,0.0
06-09,,0.0,0.0,0.0,0.0,0.0,0.0,0.0,0.0,0.0,0.0,0.0,0.0,0.0,0.0,0.0,0.0,0.0,0.0,0.0,0.0,0.0,0.0,0.0,0.0,0.0,0.0,0.0,0.0,0.0,0.0,0.0,0.0,0.0,0.0,0.0,0.0,0.0,0.0,0.0,0.0,0.0,0.0,0.0,0.0
06-10,,0.0,0.0,0.0,0.0,0.0,0.0,0.0,0.0,0.0,0.0,0.0,0.0,0.0,0.0,0.0,0.0,0.0,0.0,0.0,0.0,0.0,0.0,0.0,0.0,0.0,0.0,0.0,0.0,0.0,0.0,0.0,0.0,0.0,0.0,0.0,0.0,0.0,0.0,0.0,0.0,0.0,0.0,0.0,0.0
06-11,,0.0,0.0,0.0,0.0,0.0,0.0,0.0,0.0,0.0,0.0,0.0,0.0,0.0,0.0,0.0,0.0,0.0,0.0,0.0,0.0,0.0,0.0,0.0,0.0,0.0,0.0,0.0,0.0,0.0,0.0,0.0,0.0,0.0,0.0,0.0,0.0,0.0,0.0,0.0,0.0,0.0,0.0,0.0,0.0
06-12,,0.0,0.0,0.0,0.0,0.0,0.0,0.0,0.0,0.0,0.0,0.0,0.0,0.0,0.0,0.0,0.0,0.0,0.0,0.0,0.0,0.0,0.0,0.0,0.0,0.0,0.0,0.0,0.0,0.0,0.0,0.0,0.0,0.0,0.0,0.0,0.0,0.0,0.0,0.0,0.0,0.0,0.0,0.0,0.0
06-13,,0.0,0.0,0.0,0.0,0.0,0.0,0.0,0.0,0.0,0.0,0.0,0.0,0.0,0.0,0.0,0.0,0.0,0.0,0.0,0.0,0.0,0.0,0.0,0.0,0.0,0.0,0.0,0.0,0.0,0.0,0.0,0.0,0.0,0.0,0.0,0.0,0.0,0.0,0.0,0.0,0.0,0.0,0.0,0.0
06-14,,0.0,0.0,0.0,0.0,0.0,0.0,0.0,0.0,0.0,0.0,0.0,0.0,0.0,0.0,0.0,0.0,0.0,0.0,0.0,0.0,0.0,0.0,0.0,0.0,0.0,0.0,0.0,0.0,0.0,0.0,0.0,0.0,0.0,0.0,0.0,0.0,0.0,0.0,0.0,0.0,0.0,0.0,0.0,0.0
06-15,,0.0,0.0,0.0,0.0,0.0,0.0,0.0,0.0,0.0,0.0,0.0,0.0,0.0,0.0,0.0,0.0,0.0,0.0,0.0,0.0,0.0,0.0,0.0,0.0,0.0,0.0,0.0,0.0,0.0,0.0,0.0,0.0,0.0,0.0,0.0,0.0,0.0,0.0,0.0,0.0,0.0,0.0,0.0,0.0
06-16,,0.0,0.0,0.0,0.0,0.0,0.0,0.0,0.0,0.0,0.0,0.0,0.0,0.0,0.0,0.0,0.0,0.0,0.0,0.0,0.0,0.0,0.0,0.0,0.0,0.0,0.0,0.0,0.0,0.0,0.0,0.0,0.0,0.0,0.0,0.0,0.0,0.0,0.0,0.0,0.0,0.0,0.0,0.0,0.0
06-17,,0.0,0.0,0.0,0.0,0.0,0.0,0.0,0.0,0.0,0.0,0.0,0.0,0.0,0.0,0.0,0.0,0.0,0.0,0.0,0.0,0.0,0.0,0.0,0.0,0.0,0.0,0.0,0.0,0.0,0.0,0.0,0.0,0.0,0.0,0.0,0.0,0.0,0.0,0.0,0.0,0.0,0.0,0.0,0.0
06-18,,0.0,0.0,0.0,0.0,0.0,0.0,0.0,0.0,0.0,0.0,0.0,0.0,0.0,0.0,0.0,0.0,0.0,0.0,0.0,0.0,0.0,0.0,0.0,0.0,0.0,0.0,0.0,0.0,0.0,0.0,0.0,0.0,0.0,0.0,0.0,0.0,0.0,0.0,0.0,0.0,0.0,0.0,0.0,0.0
06-19,,0.0,0.0,0.0,0.0,0.0,0.0,0.0,0.0,0.0,0.0,0.0,0.0,0.0,0.0,0.0,0.0,0.0,0.0,0.0,0.0,0.0,0.0,0.0,0.0,0.0,0.0,0.0,0.0,0.0,0.0,0.0,0.0,0.0,0.0,0.0,0.0,0.0,0.0,0.0,0.0,0.0,0.0,0.0,0.0
06-20,,0.0,0.0,0.0,0.0,0.0,0.0,0.0,0.0,0.0,0.0,0.0,0.0,0.0,0.0,0.0,0.0,0.0,0.0,0.0,0.0,0.0,0.0,0.0,0.0,0.0,0.0,0.0,0.0,0.0,0.0,0.0,0.0,0.0,0.0,0.0,0.0,0.0,0.0,0.0,0.0,0.0,0.0,0.0,0.0
06-21,,0.0,0.0,0.0,0.0,0.0,0.0,0.0,0.0,0.0,0.0,0.0,0.0,0.0,0.0,0.0,0.0,0.0,0.0,0.0,0.0,0.0,0.0,0.0,0.0,0.0,0.0,0.0,0.0,0.0,0.0,0.0,0.0,0.0,0.0,0.0,0.0,0.0,0.0,0.0,0.0,0.0,0.0,0.0,0.0
06-22,,0.0,0.0,0.0,0.0,0.0,0.0,0.0,0.0,0.0,0.0,0.0,0.0,0.0,0.0,0.0,0.0,0.0,0.0,0.0,0.0,0.0,0.0,0.0,0.0,0.0,0.0,0.0,0.0,0.0,0.0,0.0,0.0,0.0,0.0,0.0,0.0,0.0,0.0,0.0,0.0,0.0,0.0,0.0,0.0
06-23,,0.0,0.0,0.0,0.0,0.0,0.0,0.0,0.0,0.0,0.0,0.0,0.0,0.0,0.0,0.0,0.0,0.0,0.0,0.0,0.0,0.0,0.0,0.0,0.0,0.0,0.0,0.0,0.0,0.0,0.0,0.0,0.0,0.0,0.0,0.0,0.0,0.0,0.0,0.0,0.0,0.0,0.0,0.0,0.0
06-24,,0.0,0.0,0.0,0.0,0.0,0.0,0.0,0.0,0.0,0.0,0.0,0.0,0.0,0.0,0.0,0.0,0.0,0.0,0.0,0.0,0.0,0.0,0.0,0.0,0.0,0.0,0.0,0.0,0.0,0.0,0.0,0.0,0.0,0.0,0.0,0.0,0.0,0.0,0.0,0.0,0.0,0.0,0.0,0.0
06-25,,0.0,0.0,0.0,0.0,0.0,0.0,0.0,0.0,0.0,0.0,0.0,0.0,0.0,0.0,0.0,0.0,0.0,0.0,0.0,0.0,0.0,0.0,0.0,0.0,0.0,0.0,0.0,0.0,0.0,0.0,0.0,0.0,0.0,0.0,0.0,0.0,0.0,0.0,0.0,0.0,0.0,0.0,0.0,0.0
06-26,,0.0,0.0,0.0,0.0,0.0,0.0,0.0,0.0,0.0,0.0,0.0,0.0,0.0,0.0,0.0,0.0,0.0,0.0,0.0,0.0,0.0,0.0,0.0,0.0,0.0,0.0,0.0,0.0,0.0,0.0,0.0,0.0,0.0,0.0,0.0,0.0,0.0,0.0,0.0,0.0,0.0,0.0,0.0,0.0
06-27,,0.0,0.0,0.0,0.0,0.0,0.0,0.0,0.0,0.0,0.0,0.0,0.0,0.0,0.0,0.0,0.0,0.0,0.0,0.0,0.0,0.0,0.0,0.0,0.0,0.0,0.0,0.0,0.0,0.0,0.0,0.0,0.0,0.0,0.0,0.0,0.0,0.0,0.0,0.0,0.0,0.0,0.0,0.0,0.0
06-28,,0.0,0.0,0.0,0.0,0.0,0.0,0.0,0.0,0.0,0.0,0.0,0.0,0.0,0.0,0.0,0.0,0.0,0.0,0.0,0.0,0.0,0.0,0.0,0.0,0.0,0.0,0.0,0.0,0.0,0.0,0.0,0.0,0.0,0.0,0.0,0.0,0.0,0.0,0.0,0.0,0.0,0.0,0.0,0.0
06-29,,0.0,0.0,0.0,0.0,0.0,0.0,0.0,0.0,0.0,0.0,0.0,0.0,0.0,0.0,0.0,0.0,0.0,0.0,0.0,0.0,0.0,0.0,0.0,0.0,0.0,0.0,0.0,0.0,0.0,0.0,0.0,0.0,0.0,0.0,0.0,0.0,0.0,0.0,0.0,0.0,0.0,0.0,0.0,0.0
06-30,,0.0,0.0,0.0,0.0,0.0,0.0,0.0,0.0,0.0,0.0,0.0,0.0,0.0,0.0,0.0,0.0,0.0,0.0,0.0,0.0,0.0,0.0,0.0,0.0,0.0,0.0,0.0,0.0,0.0,0.0,0.0,0.0,0.0,0.0,0.0,0.0,0.0,0.0,0.0,0.0,0.0,0.0,0.0,0.0
07-01,,0.0,0.0,0.0,0.0,0.0,0.0,0.0,0.0,0.0,0.0,0.0,0.0,0.0,0.0,0.0,0.0,0.0,0.0,0.0,0.0,0.0,0.0,0.0,0.0,0.0,0.0,0.0,0.0,0.0,0.0,0.0,0.0,0.0,0.0,0.0,0.0,0.0,0.0,0.0,0.0,0.0,0.0,0.0,0.0
07-02,,0.0,0.0,0.0,0.0,0.0,0.0,0.0,0.0,0.0,0.0,0.0,0.0,0.0,0.0,0.0,0.0,0.0,0.0,0.0,0.0,0.0,0.0,0.0,0.0,0.0,0.0,0.0,0.0,0.0,0.0,0.0,0.0,0.0,0.0,0.0,0.0,0.0,0.0,0.0,0.0,0.0,0.0,0.0,0.0
07-03,,0.0,0.0,0.0,0.0,0.0,0.0,0.0,0.0,0.0,0.0,0.0,0.0,0.0,0.0,0.0,0.0,0.0,0.0,0.0,0.0,0.0,0.0,0.0,0.0,0.0,0.0,0.0,0.0,0.0,0.0,0.0,0.0,0.0,0.0,0.0,0.0,0.0,0.0,0.0,0.0,0.0,0.0,0.0,0.0
07-04,,0.0,0.0,0.0,0.0,0.0,0.0,0.0,0.0,0.0,0.0,0.0,0.0,0.0,0.0,0.0,0.0,0.0,0.0,0.0,0.0,0.0,0.0,0.0,0.0,0.0,0.0,0.0,0.0,0.0,0.0,0.0,0.0,0.0,0.0,0.0,0.0,0.0,0.0,0.0,0.0,0.0,0.0,0.0,0.0
07-05,,0.0,0.0,0.0,0.0,0.0,0.0,0.0,0.0,0.0,0.0,0.0,0.0,0.0,0.0,0.0,0.0,0.0,0.0,0.0,0.0,0.0,0.0,0.0,0.0,0.0,0.0,0.0,0.0,0.0,0.0,0.0,0.0,0.0,0.0,0.0,0.0,0.0,0.0,0.0,0.0,0.0,0.0,0.0,0.0
07-06,,0.0,0.0,0.0,0.0,0.0,0.0,0.0,0.0,0.0,0.0,0.0,0.0,0.0,0.0,0.0,0.0,0.0,0.0,0.0,0.0,0.0,0.0,0.0,0.0,0.0,0.0,0.0,0.0,0.0,0.0,0.0,0.0,0.0,0.0,0.0,0.0,0.0,0.0,0.0,0.0,0.0,0.0,0.0,0.0
07-07,,0.0,0.0,0.0,0.0,0.0,0.0,0.0,0.0,0.0,0.0,0.0,0.0,0.0,0.0,0.0,0.0,0.0,0.0,0.0,0.0,0.0,0.0,0.0,0.0,0.0,0.0,0.0,0.0,0.0,0.0,0.0,0.0,0.0,0.0,0.0,0.0,0.0,0.0,0.0,0.0,0.0,0.0,0.0,0.0
07-08,,0.0,0.0,0.0,0.0,0.0,0.0,0.0,0.0,0.0,0.0,0.0,0.0,0.0,0.0,0.0,0.0,0.0,0.0,0.0,0.0,0.0,0.0,0.0,0.0,0.0,0.0,0.0,0.0,0.0,0.0,0.0,0.0,0.0,0.0,0.0,0.0,0.0,0.0,0.0,0.0,0.0,0.0,0.0,0.0
07-09,,0.0,0.0,0.0,0.0,0.0,0.0,0.0,0.0,0.0,0.0,0.0,0.0,0.0,0.0,0.0,0.0,0.0,0.0,0.0,0.0,0.0,0.0,0.0,0.0,0.0,0.0,0.0,0.0,0.0,0.0,0.0,0.0,0.0,0.0,0.0,0.0,0.0,0.0,0.0,0.0,0.0,0.0,0.0,0.0
07-10,,0.0,0.0,0.0,0.0,0.0,0.0,0.0,0.0,0.0,0.0,0.0,0.0,0.0,0.0,0.0,0.0,0.0,0.0,0.0,0.0,0.0,0.0,0.0,0.0,0.0,0.0,0.0,0.0,0.0,0.0,0.0,0.0,0.0,0.0,0.0,0.0,0.0,0.0,0.0,0.0,0.0,0.0,0.0,0.0
07-11,,0.0,0.0,0.0,0.0,0.0,0.0,0.0,0.0,0.0,0.0,0.0,0.0,0.0,0.0,0.0,0.0,0.0,0.0,0.0,0.0,0.0,0.0,0.0,0.0,0.0,0.0,0.0,0.0,0.0,0.0,0.0,0.0,0.0,0.0,0.0,0.0,0.0,0.0,0.0,0.0,0.0,0.0,0.0,0.0
07-12,,0.0,0.0,0.0,0.0,0.0,0.0,0.0,0.0,0.0,0.0,0.0,0.0,0.0,0.0,0.0,0.0,0.0,0.0,0.0,0.0,0.0,0.0,0.0,0.0,0.0,0.0,0.0,0.0,0.0,0.0,0.0,0.0,0.0,0.0,0.0,0.0,0.0,0.0,0.0,0.0,0.0,0.0,0.0,0.0
07-13,,0.0,0.0,0.0,0.0,0.0,0.0,0.0,0.0,0.0,0.0,0.0,0.0,0.0,0.0,0.0,0.0,0.0,0.0,0.0,0.0,0.0,0.0,0.0,0.0,0.0,0.0,0.0,0.0,0.0,0.0,0.0,0.0,0.0,0.0,0.0,0.0,0.0,0.0,0.0,0.0,0.0,0.0,0.0,0.0
07-14,,0.0,0.0,0.0,0.0,0.0,0.0,0.0,0.0,0.0,0.0,0.0,0.0,0.0,0.0,0.0,0.0,0.0,0.0,0.0,0.0,0.0,0.0,0.0,0.0,0.0,0.0,0.0,0.0,0.0,0.0,0.0,0.0,0.0,0.0,0.0,0.0,0.0,0.0,0.0,0.0,0.0,0.0,0.0,0.0
07-15,,0.0,0.0,0.0,0.0,0.0,0.0,0.0,0.0,0.0,0.0,0.0,0.0,0.0,0.0,0.0,0.0,0.0,0.0,0.0,0.0,0.0,0.0,0.0,0.0,0.0,0.0,0.0,0.0,0.0,0.0,0.0,0.0,0.0,0.0,0.0,0.0,0.0,0.0,0.0,0.0,0.0,0.0,0.0,0.0
07-16,,0.0,0.0,0.0,0.0,0.0,0.0,0.0,0.0,0.0,0.0,0.0,0.0,0.0,0.0,0.0,0.0,0.0,0.0,0.0,0.0,0.0,0.0,0.0,0.0,0.0,0.0,0.0,0.0,0.0,0.0,0.0,0.0,0.0,0.0,0.0,0.0,0.0,0.0,0.0,0.0,0.0,0.0,0.0,0.0
07-17,,0.0,0.0,0.0,0.0,0.0,0.0,0.0,0.0,0.0,0.0,0.0,0.0,0.0,0.0,0.0,0.0,0.0,0.0,0.0,0.0,0.0,0.0,0.0,0.0,0.0,0.0,0.0,0.0,0.0,0.0,0.0,0.0,0.0,0.0,0.0,0.0,0.0,0.0,0.0,0.0,0.0,0.0,0.0,0.0
07-18,,0.0,0.0,0.0,0.0,0.0,0.0,0.0,0.0,0.0,0.0,0.0,0.0,0.0,0.0,0.0,0.0,0.0,0.0,0.0,0.0,0.0,0.0,0.0,0.0,0.0,0.0,0.0,0.0,0.0,0.0,0.0,0.0,0.0,0.0,0.0,0.0,0.0,0.0,0.0,0.0,0.0,0.0,0.0,0.0
07-19,,0.0,0.0,0.0,0.0,0.0,0.0,0.0,0.0,0.0,0.0,0.0,0.0,0.0,0.0,0.0,0.0,0.0,0.0,0.0,0.0,0.0,0.0,0.0,0.0,0.0,0.0,0.0,0.0,0.0,0.0,0.0,0.0,0.0,0.0,0.0,0.0,0.0,0.0,0.0,0.0,0.0,0.0,0.0,0.0
07-20,,0.0,0.0,0.0,0.0,0.0,0.0,0.0,0.0,0.0,0.0,0.0,0.0,0.0,0.0,0.0,0.0,0.0,0.0,0.0,0.0,0.0,0.0,0.0,0.0,0.0,0.0,0.0,0.0,0.0,0.0,0.0,0.0,0.0,0.0,0.0,0.0,0.0,0.0,0.0,0.0,0.0,0.0,0.0,0.0
07-21,,0.0,0.0,0.0,0.0,0.0,0.0,0.0,0.0,0.0,0.0,0.0,0.0,0.0,0.0,0.0,0.0,0.0,0.0,0.0,0.0,0.0,0.0,0.0,0.0,0.0,0.0,0.0,0.0,0.0,0.0,0.0,0.0,0.0,0.0,0.0,0.0,0.0,0.0,0.0,0.0,0.0,0.0,0.0,0.0
07-22,,0.0,0.0,0.0,0.0,0.0,0.0,0.0,0.0,0.0,0.0,0.0,0.0,0.0,0.0,0.0,0.0,0.0,0.0,0.0,0.0,0.0,0.0,0.0,0.0,0.0,0.0,0.0,0.0,0.0,0.0,0.0,0.0,0.0,0.0,0.0,0.0,0.0,0.0,0.0,0.0,0.0,0.0,0.0,0.0
07-23,,0.0,0.0,0.0,0.0,0.0,0.0,0.0,0.0,0.0,0.0,0.0,0.0,0.0,0.0,0.0,0.0,0.0,0.0,0.0,0.0,0.0,0.0,0.0,0.0,0.0,0.0,0.0,0.0,0.0,0.0,0.0,0.0,0.0,0.0,0.0,0.0,0.0,0.0,0.0,0.0,0.0,0.0,0.0,0.0
07-24,,0.0,0.0,0.0,0.0,0.0,0.0,0.0,0.0,0.0,0.0,0.0,0.0,0.0,0.0,0.0,0.0,0.0,0.0,0.0,0.0,0.0,0.0,0.0,0.0,0.0,0.0,0.0,0.0,0.0,0.0,0.0,0.0,0.0,0.0,0.0,0.0,0.0,0.0,0.0,0.0,0.0,0.0,0.0,
07-25,,0.0,0.0,0.0,0.0,0.0,0.0,0.0,0.0,0.0,0.0,0.0,0.0,0.0,0.0,0.0,0.0,0.0,0.0,0.0,0.0,0.0,0.0,0.0,0.0,0.0,0.0,0.0,0.0,0.0,0.0,0.0,0.0,0.0,0.0,0.0,0.0,0.0,0.0,0.0,0.0,0.0,0.0,0.0,
07-26,,0.0,0.0,0.0,0.0,0.0,0.0,0.0,0.0,0.0,0.0,0.0,0.0,0.0,0.0,0.0,0.0,0.0,0.0,0.0,0.0,0.0,0.0,0.0,0.0,0.0,0.0,0.0,0.0,0.0,0.0,0.0,0.0,0.0,0.0,0.0,0.0,0.0,0.0,0.0,0.0,0.0,0.0,0.0,
07-27,,0.0,0.0,0.0,0.0,0.0,0.0,0.0,0.0,0.0,0.0,0.0,0.0,0.0,0.0,0.0,0.0,0.0,0.0,0.0,0.0,0.0,0.0,0.0,0.0,0.0,0.0,0.0,0.0,0.0,0.0,0.0,0.0,0.0,0.0,0.0,0.0,0.0,0.0,0.0,0.0,0.0,0.0,0.0,
07-28,,0.0,0.0,0.0,0.0,0.0,0.0,0.0,0.0,0.0,0.0,0.0,0.0,0.0,0.0,0.0,0.0,0.0,0.0,0.0,0.0,0.0,0.0,0.0,0.0,0.0,0.0,0.0,0.0,0.0,0.0,0.0,0.0,0.0,0.0,0.0,0.0,0.0,0.0,0.0,0.0,0.0,0.0,0.0,
07-29,,0.0,0.0,0.0,0.0,0.0,0.0,0.0,0.0,0.0,0.0,0.0,0.0,0.0,0.0,0.0,0.0,0.0,0.0,0.0,0.0,0.0,0.0,0.0,0.0,0.0,0.0,0.0,0.0,0.0,0.0,0.0,0.0,0.0,0.0,0.0,0.0,0.0,0.0,0.0,0.0,0.0,0.0,0.0,
07-30,,0.0,0.0,0.0,0.0,0.0,0.0,0.0,0.0,0.0,0.0,0.0,0.0,0.0,0.0,0.0,0.0,0.0,0.0,0.0,0.0,0.0,0.0,0.0,0.0,0.0,0.0,0.0,0.0,0.0,0.0,0.0,0.0,0.0,0.0,0.0,0.0,0.0,0.0,0.0,0.0,0.0,0.0,0.0,
07-31,,0.0,0.0,0.0,0.0,0.0,0.0,0.0,0.0,0.0,0.0,0.0,0.0,0.0,0.0,0.0,0.0,0.0,0.0,0.0,0.0,0.0,0.0,0.0,0.0,0.0,0.0,0.0,0.0,0.0,0.0,0.0,0.0,0.0,0.0,0.0,0.0,0.0,0.0,0.0,0.0,0.0,0.0,0.0,
08-01,,0.0,0.0,0.0,0.0,0.0,0.0,0.0,0.0,0.0,0.0,0.0,0.0,0.0,0.0,0.0,0.0,0.0,0.0,0.0,0.0,0.0,0.0,0.0,0.0,0.0,0.0,0.0,0.0,0.0,0.0,0.0,0.0,0.0,0.0,0.0,0.0,0.0,0.0,0.0,0.0,0.0,0.0,0.0,
08-02,,0.0,0.0,0.0,0.0,0.0,0.0,0.0,0.0,0.0,0.0,0.0,0.0,0.0,0.0,0.0,0.0,0.0,0.0,0.0,0.0,0.0,0.0,0.0,0.0,0.0,0.0,0.0,0.0,0.0,0.0,0.0,0.0,0.0,0.0,0.0,0.0,0.0,0.0,0.0,0.0,0.0,0.0,0.0,
08-03,,0.0,0.0,0.0,0.0,0.0,0.0,0.0,0.0,0.0,0.0,0.0,0.0,0.0,0.0,0.0,0.0,0.0,0.0,0.0,0.0,0.0,0.0,0.0,0.0,0.0,0.0,0.0,0.0,0.0,0.0,0.0,0.0,0.0,0.0,0.0,0.0,0.0,0.0,0.0,0.0,0.0,0.0,0.0,
08-04,,0.0,0.0,0.0,0.0,0.0,0.0,0.0,0.0,0.0,0.0,0.0,0.0,0.0,0.0,0.0,0.0,0.0,0.0,0.0,0.0,0.0,0.0,0.0,0.0,0.0,0.0,0.0,0.0,0.0,0.0,0.0,0.0,0.0,0.0,0.0,0.0,0.0,0.0,0.0,0.0,0.0,0.0,0.0,
08-05,,0.0,0.0,0.0,0.0,0.0,0.0,0.0,0.0,0.0,0.0,0.0,0.0,0.0,0.0,0.0,0.0,0.0,0.0,0.0,0.0,0.0,0.0,0.0,0.0,0.0,0.0,0.0,0.0,0.0,0.0,0.0,0.0,0.0,0.0,0.0,0.0,0.0,0.0,0.0,0.0,0.0,0.0,0.0,
08-06,,0.0,0.0,0.0,0.0,0.0,0.0,0.0,0.0,0.0,0.0,0.0,0.0,0.0,0.0,0.0,0.0,0.0,0.0,0.0,0.0,0.0,0.0,0.0,0.0,0.0,0.0,0.0,0.0,0.0,0.0,0.0,0.0,0.0,0.0,0.0,0.0,0.0,0.0,0.0,0.0,0.0,0.0,0.0,
08-07,,0.0,0.0,0.0,0.0,0.0,0.0,0.0,0.0,0.0,0.0,0.0,0.0,0.0,0.0,0.0,0.0,0.0,0.0,0.0,0.0,0.0,0.0,0.0,0.0,0.0,0.0,0.0,0.0,0.0,0.0,0.0,0.0,0.0,0.0,0.0,0.0,0.0,0.0,0.0,0.0,0.0,0.0,0.0,
08-08,,0.0,0.0,0.0,0.0,0.0,0.0,0.0,0.0,0.0,0.0,0.0,0.0,0.0,0.0,0.0,0.0,0.0,0.0,0.0,0.0,0.0,0.0,0.0,0.0,0.0,0.0,0.0,0.0,0.0,0.0,0.0,0.0,0.0,0.0,0.0,0.0,0.0,0.0,0.0,0.0,0.0,0.0,0.0,
08-09,,0.0,0.0,0.0,0.0,0.0,0.0,0.0,0.0,0.0,0.0,0.0,0.0,0.0,0.0,0.0,0.0,0.0,0.0,0.0,0.0,0.0,0.0,0.0,0.0,0.0,0.0,0.0,0.0,0.0,0.0,0.0,0.0,0.0,0.0,0.0,0.0,0.0,0.0,0.0,0.0,0.0,0.0,0.0,
08-10,,0.0,0.0,0.0,0.0,0.0,0.0,0.0,0.0,0.0,0.0,0.0,0.0,0.0,0.0,0.0,0.0,0.0,0.0,0.0,0.0,0.0,0.0,0.0,0.0,0.0,0.0,0.0,0.0,0.0,0.0,0.0,0.0,0.0,0.0,0.0,0.0,0.0,0.0,0.0,0.0,0.0,0.0,0.0,
08-11,,0.0,0.0,0.0,0.0,0.0,0.0,0.0,0.0,0.0,0.0,0.0,0.0,0.0,0.0,0.0,0.0,0.0,0.0,0.0,0.0,0.0,0.0,0.0,0.0,0.0,0.0,0.0,0.0,0.0,0.0,0.0,0.0,0.0,0.0,0.0,0.0,0.0,0.0,0.0,0.0,0.0,0.0,0.0,
08-12,,0.0,0.0,0.0,0.0,0.0,0.0,0.0,0.0,0.0,0.0,0.0,0.0,0.0,0.0,0.0,0.0,0.0,0.0,0.0,0.0,0.0,0.0,0.0,0.0,0.0,0.0,0.0,0.0,0.0,0.0,0.0,0.0,0.0,0.0,0.0,0.0,0.0,0.0,0.0,0.0,0.0,0.0,0.0,
08-13,,0.0,0.0,0.0,0.0,0.0,0.0,0.0,0.0,0.0,0.0,0.0,0.0,0.0,0.0,0.0,0.0,0.0,0.0,0.0,0.0,0.0,0.0,0.0,0.0,0.0,0.0,0.0,0.0,0.0,0.0,0.0,0.0,0.0,0.0,0.0,0.0,0.0,0.0,0.0,0.0,0.0,0.0,0.0,
08-14,,0.0,0.0,0.0,0.0,0.0,0.0,0.0,0.0,0.0,0.0,0.0,0.0,0.0,0.0,0.0,0.0,0.0,0.0,0.0,0.0,0.0,0.0,0.0,0.0,0.0,0.0,0.0,0.0,0.0,0.0,0.0,0.0,0.0,0.0,0.0,0.0,0.0,0.0,0.0,0.0,0.0,0.0,0.0,
08-15,,0.0,0.0,0.0,0.0,0.0,0.0,0.0,0.0,0.0,0.0,0.0,0.0,0.0,0.0,0.0,0.0,0.0,0.0,0.0,0.0,0.0,0.0,0.0,0.0,0.0,0.0,0.0,0.0,0.0,0.0,0.0,0.0,0.0,0.0,0.0,0.0,0.0,0.0,0.0,0.0,0.0,0.0,0.0,
08-16,,0.0,0.0,0.0,0.0,0.0,0.0,0.0,0.0,0.0,0.0,0.0,0.0,0.0,0.0,0.0,0.0,0.0,0.0,0.0,0.0,0.0,0.0,0.0,0.0,0.0,0.0,0.0,0.0,0.0,0.0,0.0,0.0,0.0,0.0,0.0,0.0,0.0,0.0,0.0,0.0,0.0,0.0,0.0,
08-17,,0.0,0.0,0.0,0.0,0.0,0.0,0.0,0.0,0.0,0.0,0.0,0.0,0.0,0.0,0.0,0.0,0.0,0.0,0.0,0.0,0.0,0.0,0.0,0.0,0.0,0.0,0.0,0.0,0.0,0.0,0.0,0.0,0.0,0.0,0.0,0.0,0.0,0.0,0.0,0.0,0.0,0.0,0.0,
08-18,,0.0,0.0,0.0,0.0,0.0,0.0,0.0,0.0,0.0,0.0,0.0,0.0,0.0,0.0,0.0,0.0,0.0,0.0,0.0,0.0,0.0,0.0,0.0,0.0,0.0,0.0,0.0,0.0,0.0,0.0,0.0,0.0,0.0,0.0,0.0,0.0,0.0,0.0,0.0,0.0,0.0,0.0,0.0,
08-19,,0.0,0.0,0.0,0.0,0.0,0.0,0.0,0.0,0.0,0.0,0.0,0.0,0.0,0.0,0.0,0.0,0.0,0.0,0.0,0.0,0.0,0.0,0.0,0.0,0.0,0.0,0.0,0.0,0.0,0.0,0.0,0.0,0.0,0.0,0.0,0.0,0.0,0.0,0.0,0.0,0.0,0.0,0.0,
08-20,,0.0,0.0,0.0,0.0,0.0,0.0,0.0,0.0,0.0,0.0,0.0,0.0,0.0,0.0,0.0,0.0,0.0,0.0,0.0,0.0,0.0,0.0,0.0,0.0,0.0,0.0,0.0,0.0,0.0,0.0,0.0,0.0,0.0,0.0,0.0,0.0,0.0,0.0,0.0,0.0,0.0,0.0,0.0,
08-21,,0.0,0.0,0.0,0.0,0.0,0.0,0.0,0.0,0.0,0.0,0.0,0.0,0.0,0.0,0.0,0.0,0.0,0.0,0.0,0.0,0.0,0.0,0.0,0.0,0.0,0.0,0.0,0.0,0.0,0.0,0.0,0.0,0.0,0.0,0.0,0.0,0.0,0.0,0.0,0.0,0.0,0.0,0.0,
08-22,,0.0,0.0,0.0,0.0,0.0,0.0,0.0,0.0,0.0,0.0,0.0,0.0,0.0,0.0,0.0,0.0,0.0,0.0,0.0,0.0,0.0,0.0,0.0,0.0,0.0,0.0,0.0,0.0,0.0,0.0,0.0,0.0,0.0,0.0,0.0,0.0,0.0,0.0,0.0,0.0,0.0,0.0,0.0,
08-23,,0.0,0.0,0.0,0.0,0.0,0.0,0.0,0.0,0.0,0.0,0.0,0.0,0.0,0.0,0.0,0.0,0.0,0.0,0.0,0.0,0.0,0.0,0.0,0.0,0.0,0.0,0.0,0.0,0.0,0.0,0.0,0.0,0.0,0.0,0.0,0.0,0.0,0.0,0.0,0.0,0.0,0.0,0.0,
08-24,,0.0,0.0,0.0,0.0,0.0,0.0,0.0,0.0,0.0,0.0,0.0,0.0,0.0,0.0,0.0,0.0,0.0,0.0,0.0,0.0,0.0,0.0,0.0,0.0,0.0,0.0,0.0,0.0,0.0,0.0,0.0,0.0,0.0,0.0,0.0,0.0,0.0,0.0,0.0,0.0,0.0,0.0,0.0,
08-25,,0.0,0.0,0.0,0.0,0.0,0.0,0.0,0.0,0.0,0.0,0.0,0.0,0.0,0.0,0.0,0.0,0.0,0.0,0.0,0.0,0.0,0.0,0.0,0.0,0.0,0.0,0.0,0.0,0.0,0.0,0.0,0.0,0.0,0.0,0.0,0.0,0.0,0.0,0.0,0.0,0.0,0.0,0.0,
08-26,,0.0,0.0,0.0,0.0,0.0,0.0,0.0,0.0,0.0,0.0,0.0,0.0,0.0,0.0,0.0,0.0,0.0,0.0,0.0,0.0,0.0,0.0,0.0,0.0,0.0,0.0,0.0,0.0,0.0,0.0,0.0,0.0,0.0,0.0,0.0,0.0,0.0,0.0,0.0,0.0,0.0,0.0,0.0,
08-27,,0.0,0.0,0.0,0.0,0.0,0.0,0.0,0.0,0.0,0.0,0.0,0.0,0.0,0.0,0.0,0.0,0.0,0.0,0.0,0.0,0.0,0.0,0.0,0.0,0.0,0.0,0.0,0.0,0.0,0.0,0.0,0.0,0.0,0.0,0.0,0.0,0.0,0.0,0.0,0.0,0.0,0.0,0.0,
08-28,,0.0,0.0,0.0,0.0,0.0,0.0,0.0,0.0,0.0,0.0,0.0,0.0,0.0,0.0,0.0,0.0,0.0,0.0,0.0,0.0,0.0,0.0,0.0,0.0,0.0,0.0,0.0,0.0,0.0,0.0,0.0,0.0,0.0,0.0,0.0,0.0,0.0,0.0,0.0,0.0,0.0,0.0,0.0,
08-29,,0.0,0.0,0.0,0.0,0.0,0.0,0.0,0.0,0.0,0.0,0.0,0.0,0.0,0.0,0.0,0.0,0.0,0.0,0.0,0.0,0.0,0.0,0.0,0.0,0.0,0.0,0.0,0.0,0.0,0.0,0.0,0.0,0.0,0.0,0.0,0.0,0.0,0.0,0.0,0.0,0.0,0.0,0.0,
08-30,,0.0,0.0,0.0,0.0,0.0,0.0,0.0,0.0,0.0,0.0,0.0,0.0,0.0,0.0,0.0,0.0,0.0,0.0,0.0,0.0,0.0,0.0,0.0,0.0,0.0,0.0,0.0,0.0,0.0,0.0,0.0,0.0,0.0,0.0,0.0,0.0,0.0,0.0,0.0,0.0,0.0,0.0,0.0,
08-31,,0.0,0.0,0.0,0.0,0.0,0.0,0.0,0.0,0.0,0.0,0.0,0.0,0.0,0.0,0.0,0.0,0.0,0.0,0.0,0.0,0.0,0.0,0.0,0.0,0.0,0.0,0.0,0.0,0.0,0.0,0.0,0.0,0.0,0.0,0.0,0.0,0.0,0.0,0.0,0.0,0.0,0.0,0.0,
09-01,,0.0,0.0,0.0,0.0,0.0,0.0,0.0,0.0,0.0,0.0,0.0,0.0,0.0,0.0,0.0,0.0,0.0,0.0,0.0,0.0,0.0,0.0,0.0,0.0,0.0,0.0,0.0,0.0,0.0,0.0,0.0,0.0,0.0,0.0,0.0,0.0,0.0,0.0,0.0,0.0,0.0,0.0,0.0,
09-02,,0.0,0.0,0.0,0.0,0.0,0.0,0.0,0.0,0.0,0.0,0.0,0.0,0.0,0.0,0.0,0.0,0.0,0.0,0.0,0.0,0.0,0.0,0.0,0.0,0.0,0.0,0.0,0.0,0.0,0.0,0.0,0.0,0.0,0.0,0.0,0.0,0.0,0.0,0.0,0.0,0.0,0.0,0.0,
09-03,,0.0,0.0,0.0,0.0,0.0,0.0,0.0,0.0,0.0,0.0,0.0,0.0,0.0,0.0,0.0,0.0,0.0,0.0,0.0,0.0,0.0,0.0,0.0,0.0,0.0,0.0,0.0,0.0,0.0,0.0,0.0,0.0,0.0,0.0,0.0,0.0,0.0,0.0,0.0,0.0,0.0,0.0,0.0,
09-04,,0.0,0.0,0.0,0.0,0.0,0.0,0.0,0.0,0.0,0.0,0.0,0.0,0.0,0.0,0.0,0.0,0.0,0.0,0.0,0.0,0.0,0.0,0.0,0.0,0.0,0.0,0.0,0.0,0.0,0.0,0.0,0.0,0.0,0.0,0.0,0.0,0.0,0.0,0.0,0.0,0.0,0.0,0.0,
09-05,,0.0,0.0,0.0,0.0,0.0,0.0,0.0,0.0,0.0,0.0,0.0,0.0,0.0,0.0,0.0,0.0,0.0,0.0,0.0,0.0,0.0,0.0,0.0,0.0,0.0,0.0,0.0,0.0,0.0,0.0,0.0,0.0,0.0,0.0,0.0,0.0,0.0,0.0,0.0,0.0,0.0,0.0,0.0,
09-06,,0.0,0.0,0.0,0.0,0.0,0.0,0.0,0.0,0.0,0.0,0.0,0.0,0.0,0.0,0.0,0.0,0.0,0.0,0.0,0.0,0.0,0.0,0.0,0.0,0.0,0.0,0.0,0.0,0.0,0.0,0.0,0.0,0.0,0.0,0.0,0.0,0.0,0.0,0.0,0.0,0.0,0.0,0.0,
09-07,,0.0,0.0,0.0,0.0,0.0,0.0,0.0,0.0,0.0,0.0,0.0,0.0,0.0,0.0,0.0,0.0,0.0,0.0,0.0,0.0,0.0,0.0,0.0,0.0,0.0,0.0,0.0,0.0,0.0,0.0,0.0,0.0,0.0,0.0,0.0,0.0,0.0,0.0,0.0,0.0,0.0,0.0,0.0,
09-08,,0.0,0.0,0.0,0.0,0.0,0.0,0.0,0.0,0.0,0.0,0.0,0.0,0.0,0.0,0.0,0.0,0.0,0.0,0.0,0.0,0.0,0.0,0.0,0.0,0.0,0.0,0.0,0.0,0.0,0.0,0.0,0.0,0.0,0.0,0.0,0.0,0.0,0.0,0.0,0.0,0.0,0.0,0.0,
09-09,,0.0,0.0,0.0,0.0,0.0,0.0,0.0,0.0,0.0,0.0,0.0,0.0,0.0,0.0,0.0,0.0,0.0,0.0,0.0,0.0,0.0,0.0,0.0,0.0,0.0,0.0,0.0,0.0,0.0,0.0,0.0,0.0,0.0,0.0,0.0,0.0,0.0,0.0,0.0,0.0,0.0,0.0,0.0,
09-10,,0.0,0.0,0.0,0.0,0.0,0.0,0.0,0.0,0.0,0.0,0.0,0.0,0.0,0.0,0.0,0.0,0.0,0.0,0.0,0.0,0.0,0.0,0.0,0.0,0.0,0.0,0.0,0.0,0.0,0.0,0.0,0.0,0.0,0.0,0.0,0.0,0.0,0.0,0.0,0.0,0.0,0.0,0.0,
09-11,,0.0,0.0,0.0,0.0,0.0,0.0,0.0,0.0,0.0,0.0,0.0,0.0,0.0,0.0,0.0,0.0,0.0,0.0,0.0,0.0,0.0,0.0,0.0,0.0,0.0,0.0,0.0,0.0,0.0,0.0,0.0,0.0,0.0,0.0,0.0,0.0,0.0,0.0,0.0,0.0,0.0,0.0,0.0,
09-12,,0.0,0.0,0.0,0.0,0.0,0.0,0.0,0.0,0.0,0.0,0.0,0.0,0.0,0.0,0.0,0.0,0.0,0.0,0.0,0.0,0.0,0.0,0.0,0.0,0.0,0.0,0.0,0.0,0.0,0.0,0.0,0.0,0.0,0.0,0.0,0.0,0.0,0.0,0.0,0.0,0.0,0.0,0.0,
09-13,,0.0,0.0,0.0,0.0,0.0,0.0,0.0,0.0,0.0,0.0,0.0,0.0,0.0,0.0,0.0,0.0,0.0,0.0,0.0,0.0,0.0,0.0,0.0,0.0,0.0,0.0,0.0,0.0,0.0,0.0,0.0,0.0,0.0,0.0,0.0,0.0,0.0,0.0,0.0,0.0,0.0,0.0,0.0,
09-14,,0.0,0.0,0.0,0.0,0.0,0.0,0.0,0.0,0.0,0.0,0.0,0.0,0.0,0.0,0.0,0.0,0.0,0.0,0.0,0.0,0.0,0.0,0.0,0.0,0.0,0.0,0.0,0.0,0.0,0.0,0.0,0.0,0.0,0.0,0.0,0.0,0.0,0.0,0.0,0.0,0.0,0.0,0.0,
09-15,,0.0,0.0,0.0,0.0,0.0,0.0,0.0,0.0,0.0,0.0,0.0,0.0,0.0,0.0,0.0,0.0,0.0,0.0,0.0,0.0,0.0,0.0,0.0,0.0,0.0,0.0,0.0,0.0,0.0,0.0,0.0,0.0,0.0,0.0,0.0,0.0,0.0,0.0,0.0,0.0,0.0,0.0,0.0,
09-16,,0.0,0.0,0.0,0.0,0.0,0.0,0.0,0.0,0.0,0.0,0.0,0.0,0.0,0.0,0.0,0.0,0.0,0.0,0.0,0.0,0.0,0.0,0.0,0.0,0.0,0.0,0.0,0.0,0.0,0.0,0.0,0.0,0.0,0.0,0.0,0.0,0.0,0.0,0.0,0.0,0.0,0.0,0.0,
09-17,,0.0,0.0,0.0,0.0,0.0,0.0,0.0,0.0,0.0,0.0,0.0,0.0,0.0,0.0,0.0,0.0,0.0,0.0,0.0,0.0,0.0,0.0,0.0,0.0,0.0,0.0,0.0,0.0,0.0,0.0,0.0,0.0,0.0,0.0,0.0,0.0,0.0,0.0,0.0,0.0,0.0,0.0,0.0,
09-18,,0.0,0.0,0.0,0.0,0.0,0.0,0.0,0.0,0.0,0.0,0.0,0.0,0.0,0.0,0.0,0.0,0.0,0.0,0.0,0.0,0.0,0.0,0.0,0.0,0.0,0.0,0.0,0.0,0.0,0.0,0.0,0.0,0.0,0.0,0.0,0.0,0.0,0.0,0.0,0.0,0.0,0.0,0.0,
09-19,,0.0,0.0,0.0,0.0,0.0,0.0,0.0,0.0,0.0,0.0,0.0,0.0,0.0,0.0,0.0,0.0,0.0,0.0,0.0,0.0,0.0,0.0,0.0,0.0,0.0,0.0,0.0,0.0,0.0,0.0,0.0,0.0,0.0,0.0,0.0,0.0,0.0,0.0,0.0,0.0,0.0,0.0,0.0,
09-20,,0.0,0.0,0.0,0.0,0.0,0.0,0.0,0.0,0.0,0.0,0.0,0.0,0.0,0.0,0.0,0.0,0.0,0.0,0.0,0.0,0.0,0.0,0.0,0.0,0.0,0.0,0.0,0.0,0.0,0.0,0.0,0.0,0.0,0.0,0.0,0.0,0.0,0.0,0.0,0.0,0.0,0.0,0.0,
09-21,,0.0,0.0,0.0,0.0,0.0,0.0,0.0,0.0,0.0,0.0,0.0,0.0,0.0,0.0,0.0,0.0,0.0,0.0,0.0,0.0,0.0,0.0,0.0,0.0,0.0,0.0,0.0,0.0,0.0,0.0,0.0,0.0,0.0,0.0,0.0,0.0,0.0,0.0,0.0,0.0,0.0,0.0,0.0,
09-22,,0.0,0.0,0.0,0.0,0.0,0.0,0.0,0.0,0.0,0.0,0.0,0.0,0.0,0.0,0.0,0.0,0.0,0.0,0.0,0.0,0.0,0.0,0.0,0.0,0.0,0.0,0.0,0.0,0.0,0.0,0.0,0.0,0.0,0.0,0.0,0.0,0.0,0.0,0.0,0.0,0.0,0.0,0.0,
09-23,,0.0,0.0,0.0,0.0,0.0,0.0,0.0,0.0,0.0,0.0,0.0,0.0,0.0,0.0,0.0,0.0,0.0,0.0,0.0,0.0,0.0,0.0,0.0,0.0,0.0,0.0,0.0,0.0,0.0,0.0,0.0,0.0,0.0,0.0,0.0,0.0,0.0,0.0,0.0,0.0,0.0,0.0,0.0,
09-24,,0.0,0.0,0.0,0.0,0.0,0.0,0.0,0.0,0.0,0.0,0.0,0.0,0.0,0.0,0.0,0.0,0.0,0.0,0.0,0.0,0.0,0.0,0.0,0.0,0.0,0.0,0.0,0.0,0.0,0.0,0.0,0.0,0.0,0.0,0.0,0.0,0.0,0.0,0.0,0.0,0.0,0.0,0.0,
09-25,,0.0,0.0,0.0,0.0,0.0,0.0,0.0,0.0,0.0,0.0,0.0,0.0,0.0,0.0,0.0,0.0,0.0,0.0,0.0,0.0,0.0,0.0,0.0,0.0,0.0,0.0,0.0,0.0,0.0,0.0,0.0,0.0,0.0,0.0,0.0,0.0,0.0,0.0,0.0,0.0,0.0,0.0,0.0,
09-26,,0.0,0.0,0.0,0.0,0.0,0.15,0.0,0.0,0.0,0.0,0.0,0.0,0.0,0.0,0.0,0.0,0.0,0.0,0.0,0.0,0.0,0.0,0.0,0.0,0.0,0.0,0.0,0.0,0.0,0.0,0.0,0.0,0.0,0.0,0.0,0.0,0.0,0.0,0.0,0.0,0.0,0.0,0.0,
09-27,,0.0,0.0,0.0,0.0,0.0,0.25,0.0,0.0,0.0,0.0,0.0,0.0,0.0,0.0,0.0,0.0,0.0,0.0,0.0,0.0,0.0,0.0,0.0,0.0,0.0,0.0,0.0,0.0,0.0,0.0,0.0,0.0,0.0,0.0,0.0,0.0,0.0,0.0,0.0,0.0,0.0,0.0,0.0,
09-28,,0.0,0.05,0.0,0.0,0.0,0.25,0.0,0.0,0.0,0.0,0.0,0.0,0.0,0.0,0.0,0.0,0.0,0.0,0.0,0.0,0.0,0.0,0.0,0.0,0.0,0.0,0.0,0.0,0.0,0.0,0.0,0.0,0.0,0.0,0.0,0.0,0.0,0.0,0.0,0.0,0.0,0.0,0.0,
09-29,,0.0,0.0,0.0,0.0,0.0,0.0,0.0,0.0,0.0,0.0,0.0,0.0,0.0,0.0,0.0,0.0,0.0,0.0,0.0,0.0,0.0,0.0,0.0,0.0,0.0,0.0,0.0,0.0,0.0,0.0,0.0,0.0,0.0,0.0,0.0,0.0,0.0,0.0,0.0,0.0,0.0,0.0,0.0,
09-30,,0.0,0.0,0.0,0.0,0.0,0.0,0.0,0.0,0.0,0.0,0.0,0.0,0.0,0.0,0.0,0.0,0.0,0.0,0.0,0.0,0.0,0.0,0.0,0.0,0.0,0.0,0.0,0.0,0.0,0.0,0.0,0.0,0.0,0.0,0.0,0.0,0.0,0.0,0.0,0.0,0.0,0.0,0.0,
