,stationTriplet,date,value,average
0,336:NV:SNTL,2019-03-01,10.4,8.8
1,336:NV:SNTL,2019-03-02,10.4,8.8
2,336:NV:SNTL,2019-03-03,10.4,8.9
3,336:NV:SNTL,2019-03-04,10.5,9.0
4,336:NV:SNTL,2019-03-05,10.7,9.0
5,336:NV:SNTL,2019-03-06,10.7,9.1
6,336:NV:SNTL,2019-03-07,10.8,9.1
7,336:NV:SNTL,2019-03-08,10.8,9.1
8,336:NV:SNTL,2019-03-09,10.8,9.2
9,336:NV:SNTL,2019-03-10,10.8,9.2
10,336:NV:SNTL,2019-03-11,10.8,9.2
11,336:NV:SNTL,2019-03-12,10.9,9.2
12,336:NV:SNTL,2019-03-13,10.9,9.3
13,336:NV:SNTL,2019-03-14,11.0,9.4
14,336:NV:SNTL,2019-03-15,11.1,9.4
15,336:NV:SNTL,2019-03-16,11.1,9.4
16,336:NV:SNTL,2019-03-17,11.1,9.5
17,336:NV:SNTL,2019-03-18,11.1,9.6
18,336:NV:SNTL,2019-03-19,11.1,9.6
19,336:NV:SNTL,2019-03-20,11.1,9.6
20,336:NV:SNTL,2019-03-21,11.1,9.7
21,336:NV:SNTL,2019-03-22,11.1,9.8
22,336:NV:SNTL,2019-03-23,11.1,9.8
23,336:NV:SNTL,2019-03-24,11.1,9.9
24,336:NV:SNTL,2019-03-25,11.1,9.9
25,336:NV:SNTL,2019-03-26,11.1,10.0
26,336:NV:SNTL,2019-03-27,11.6,10.1
27,336:NV:SNTL,2019-03-28,11.6,10.2
28,336:NV:SNTL,2019-03-29,11.6,10.2
29,336:NV:SNTL,2019-03-30,11.6,10.2
30,336:NV:SNTL,2019-03-31,11.6,10.3
31,336:NV:SNTL,2019-04-01,11.7,10.4
32,336:NV:SNTL,2019-04-02,12.0,10.4
33,336:NV:SNTL,2019-04-03,12.0,10.5
34,336:NV:SNTL,2019-04-04,12.0,10.5
35,336:NV:SNTL,2019-04-05,12.2,10.6
36,336:NV:SNTL,2019-04-06,12.2,10.6
37,336:NV:SNTL,2019-04-07,12.2,10.7
38,336:NV:SNTL,2019-04-08,12.2,10.8
39,336:NV:SNTL,2019-04-09,12.4,10.9
40,336:NV:SNTL,2019-04-10,12.9,11.0
41,336:NV:SNTL,2019-04-11,13.1,11.0
42,336:NV:SNTL,2019-04-12,13.2,11.0
43,336:NV:SNTL,2019-04-13,13.3,11.1
44,336:NV:SNTL,2019-04-14,13.8,11.2
45,336:NV:SNTL,2019-04-15,13.9,11.2
46,336:NV:SNTL,2019-04-16,14.0,11.3
47,336:NV:SNTL,2019-04-17,14.0,11.4
48,336:NV:SNTL,2019-04-18,14.0,11.4
49,336:NV:SNTL,2019-04-19,14.0,11.5
50,336:NV:SNTL,2019-04-20,14.6,11.6
51,336:NV:SNTL,2019-04-21,14.8,11.7
52,336:NV:SNTL,2019-04-22,14.8,11.8
53,336:NV:SNTL,2019-04-23,14.8,11.9
54,336:NV:SNTL,2019-04-24,14.8,12.0
55,336:NV:SNTL,2019-04-25,14.8,12.1
56,336:NV:SNTL,2019-04-26,14.8,12.2
57,336:NV:SNTL,2019-04-27,14.8,12.2
58,336:NV:SNTL,2019-04-28,14.8,12.2
59,336:NV:SNTL,2019-04-29,14.8,12.3
60,336:NV:SNTL,2019-04-30,14.9,12.4
61,336:NV:SNTL,2019-05-01,14.9,12.5
62,336:NV:SNTL,2019-05-02,14.9,12.5
63,336:NV:SNTL,2019-05-03,14.9,12.6
64,336:NV:SNTL,2019-05-04,14.9,12.6
65,336:NV:SNTL,2019-05-05,14.9,12.7
66,336:NV:SNTL,2019-05-06,15.0,12.8
67,336:NV:SNTL,2019-05-07,15.0,12.8
68,336:NV:SNTL,2019-05-08,15.0,12.9
69,336:NV:SNTL,2019-05-09,15.0,13.0
70,336:NV:SNTL,2019-05-10,15.0,13.1
71,336:NV:SNTL,2019-05-11,15.0,13.1
72,336:NV:SNTL,2019-05-12,15.0,13.2
73,336:NV:SNTL,2019-05-13,15.1,13.2
74,336:NV:SNTL,2019-05-14,15.1,13.3
75,336:NV:SNTL,2019-05-15,15.1,13.3
76,336:NV:SNTL,2019-05-16,15.5,13.4
77,336:NV:SNTL,2019-05-17,16.1,13.5
78,336:NV:SNTL,2019-05-18,16.2,13.6
79,336:NV:SNTL,2019-05-19,16.5,13.7
80,336:NV:SNTL,2019-05-20,17.0,13.8
81,336:NV:SNTL,2019-05-21,17.3,13.9
82,336:NV:SNTL,2019-05-22,17.5,14.0
83,336:NV:SNTL,2019-05-23,17.6,14.1
84,336:NV:SNTL,2019-05-24,17.9,14.1
85,336:NV:SNTL,2019-05-25,18.1,14.2
86,336:NV:SNTL,2019-05-26,18.3,14.3
87,336:NV:SNTL,2019-05-27,18.9,14.4
88,336:NV:SNTL,2019-05-28,19.3,14.5
89,336:NV:SNTL,2019-05-29,19.9,14.5
90,336:NV:SNTL,2019-05-30,20.4,14.6
91,336:NV:SNTL,2019-05-31,20.5,14.6
92,336:NV:SNTL,2019-06-01,20.6,14.6
93,336:NV:SNTL,2019-06-02,20.6,14.7
94,336:NV:SNTL,2019-06-03,20.7,14.8
95,336:NV:SNTL,2019-06-04,20.7,14.9
96,336:NV:SNTL,2019-06-05,20.7,15.0
97,336:NV:SNTL,2019-06-06,20.7,15.0
98,336:NV:SNTL,2019-06-07,20.7,15.1
99,336:NV:SNTL,2019-06-08,20.7,15.1
100,336:NV:SNTL,2019-06-09,20.7,15.2
101,336:NV:SNTL,2019-06-10,20.7,15.3
102,336:NV:SNTL,2019-06-11,20.7,15.3
103,336:NV:SNTL,2019-06-12,20.7,15.4
104,336:NV:SNTL,2019-06-13,20.7,15.4
105,336:NV:SNTL,2019-06-14,20.8,15.5
106,336:NV:SNTL,2019-06-15,20.8,15.5
107,336:NV:SNTL,2019-06-16,20.8,15.5
108,336:NV:SNTL,2019-06-17,20.8,15.5
109,336:NV:SNTL,2019-06-18,20.8,15.5
110,336:NV:SNTL,2019-06-19,20.8,15.6
111,336:NV:SNTL,2019-06-20,20.8,15.6
112,336:NV:SNTL,2019-06-21,20.8,15.6
113,336:NV:SNTL,2019-06-22,20.8,15.6
114,336:NV:SNTL,2019-06-23,20.8,15.6
115,336:NV:SNTL,2019-06-24,20.8,15.6
116,336:NV:SNTL,2019-06-25,20.8,15.7
117,336:NV:SNTL,2019-06-26,20.8,15.7
118,336:NV:SNTL,2019-06-27,20.8,15.7
119,336:NV:SNTL,2019-06-28,20.8,15.7
120,336:NV:SNTL,2019-06-29,20.8,15.7
121,336:NV:SNTL,2019-06-30,20.8,15.7
122,548:NV:SNTL,2019-03-01,16.6,15.4
123,548:NV:SNTL,2019-03-02,16.6,15.5
124,548:NV:SNTL,2019-03-03,16.6,15.6
125,548:NV:SNTL,2019-03-04,16.6,15.7
126,548:NV:SNTL,2019-03-05,16.7,15.8
127,548:NV:SNTL,2019-03-06,16.9,15.9
128,548:NV:SNTL,2019-03-07,17.1,16.0
129,548:NV:SNTL,2019-03-08,17.2,16.1
130,548:NV:SNTL,2019-03-09,17.2,16.2
131,548:NV:SNTL,2019-03-10,17.2,16.3
132,548:NV:SNTL,2019-03-11,17.2,16.3
133,548:NV:SNTL,2019-03-12,17.4,16.4
134,548:NV:SNTL,2019-03-13,17.5,16.5
135,548:NV:SNTL,2019-03-14,17.5,16.6
136,548:NV:SNTL,2019-03-15,17.6,16.6
137,548:NV:SNTL,2019-03-16,17.6,16.7
138,548:NV:SNTL,2019-03-17,17.6,16.8
139,548:NV:SNTL,2019-03-18,17.6,16.9
140,548:NV:SNTL,2019-03-19,17.6,17.0
141,548:NV:SNTL,2019-03-20,17.6,17.0
142,548:NV:SNTL,2019-03-21,17.6,17.1
143,548:NV:SNTL,2019-03-22,17.9,17.3
144,548:NV:SNTL,2019-03-23,18.0,17.4
145,548:NV:SNTL,2019-03-24,18.0,17.6
146,548:NV:SNTL,2019-03-25,18.0,17.7
147,548:NV:SNTL,2019-03-26,18.0,17.8
148,548:NV:SNTL,2019-03-27,18.3,18.0
149,548:NV:SNTL,2019-03-28,18.5,18.1
150,548:NV:SNTL,2019-03-29,18.7,18.3
151,548:NV:SNTL,2019-03-30,18.7,18.3
152,548:NV:SNTL,2019-03-31,18.7,18.4
153,548:NV:SNTL,2019-04-01,18.7,18.5
154,548:NV:SNTL,2019-04-02,19.1,18.6
155,548:NV:SNTL,2019-04-03,19.6,18.7
156,548:NV:SNTL,2019-04-04,19.6,18.8
157,548:NV:SNTL,2019-04-05,19.9,18.9
158,548:NV:SNTL,2019-04-06,19.9,19.0
159,548:NV:SNTL,2019-04-07,19.9,19.2
160,548:NV:SNTL,2019-04-08,19.9,19.4
161,548:NV:SNTL,2019-04-09,20.7,19.5
162,548:NV:SNTL,2019-04-10,21.2,19.6
163,548:NV:SNTL,2019-04-11,21.7,19.7
164,548:NV:SNTL,2019-04-12,21.8,19.8
165,548:NV:SNTL,2019-04-13,21.9,19.9
166,548:NV:SNTL,2019-04-14,22.1,20.0
167,548:NV:SNTL,2019-04-15,22.3,20.1
168,548:NV:SNTL,2019-04-16,22.7,20.2
169,548:NV:SNTL,2019-04-17,22.7,20.3
170,548:NV:SNTL,2019-04-18,22.7,20.4
171,548:NV:SNTL,2019-04-19,22.7,20.5
172,548:NV:SNTL,2019-04-20,23.1,20.7
173,548:NV:SNTL,2019-04-21,23.2,20.9
174,548:NV:SNTL,2019-04-22,23.2,21.0
175,548:NV:SNTL,2019-04-23,23.2,21.2
176,548:NV:SNTL,2019-04-24,23.3,21.3
177,548:NV:SNTL,2019-04-25,23.3,21.5
178,548:NV:SNTL,2019-04-26,23.4,21.6
179,548:NV:SNTL,2019-04-27,23.4,21.8
180,548:NV:SNTL,2019-04-28,23.4,21.9
181,548:NV:SNTL,2019-04-29,23.4,22.0
182,548:NV:SNTL,2019-04-30,23.5,22.1
183,548:NV:SNTL,2019-05-01,23.5,22.1
184,548:NV:SNTL,2019-05-02,23.5,22.2
185,548:NV:SNTL,2019-05-03,23.5,22.4
186,548:NV:SNTL,2019-05-04,23.5,22.5
187,548:NV:SNTL,2019-05-05,23.5,22.5
188,548:NV:SNTL,2019-05-06,23.6,22.6
189,548:NV:SNTL,2019-05-07,23.6,22.7
190,548:NV:SNTL,2019-05-08,23.6,22.8
191,548:NV:SNTL,2019-05-09,23.6,22.9
192,548:NV:SNTL,2019-05-10,23.6,23.0
193,548:NV:SNTL,2019-05-11,23.6,23.1
194,548:NV:SNTL,2019-05-12,23.6,23.2
195,548:NV:SNTL,2019-05-13,23.6,23.2
196,548:NV:SNTL,2019-05-14,23.6,23.3
197,548:NV:SNTL,2019-05-15,23.6,23.4
198,548:NV:SNTL,2019-05-16,24.1,23.6
199,548:NV:SNTL,2019-05-17,25.5,23.7
200,548:NV:SNTL,2019-05-18,25.7,23.8
201,548:NV:SNTL,2019-05-19,26.3,24.0
202,548:NV:SNTL,2019-05-20,26.8,24.1
203,548:NV:SNTL,2019-05-21,27.5,24.2
204,548:NV:SNTL,2019-05-22,27.6,24.3
205,548:NV:SNTL,2019-05-23,27.8,24.4
206,548:NV:SNTL,2019-05-24,28.8,24.5
207,548:NV:SNTL,2019-05-25,28.9,24.7
208,548:NV:SNTL,2019-05-26,29.3,24.8
209,548:NV:SNTL,2019-05-27,30.0,24.9
210,548:NV:SNTL,2019-05-28,30.7,25.0
211,548:NV:SNTL,2019-05-29,30.7,25.1
212,548:NV:SNTL,2019-05-30,31.0,25.2
213,548:NV:SNTL,2019-05-31,31.2,25.2
214,548:NV:SNTL,2019-06-01,31.2,25.2
215,548:NV:SNTL,2019-06-02,31.2,25.3
216,548:NV:SNTL,2019-06-03,31.2,25.4
217,548:NV:SNTL,2019-06-04,31.2,25.5
218,548:NV:SNTL,2019-06-05,31.2,25.6
219,548:NV:SNTL,2019-06-06,31.2,25.7
220,548:NV:SNTL,2019-06-07,31.2,25.8
221,548:NV:SNTL,2019-06-08,31.2,25.8
222,548:NV:SNTL,2019-06-09,31.2,25.9
223,548:NV:SNTL,2019-06-10,31.2,26.0
224,548:NV:SNTL,2019-06-11,31.2,26.0
225,548:NV:SNTL,2019-06-12,31.2,26.1
226,548:NV:SNTL,2019-06-13,31.2,26.2
227,548:NV:SNTL,2019-06-14,31.2,26.2
228,548:NV:SNTL,2019-06-15,31.2,26.3
229,548:NV:SNTL,2019-06-16,31.2,26.3
230,548:NV:SNTL,2019-06-17,31.2,26.3
231,548:NV:SNTL,2019-06-18,31.2,26.4
232,548:NV:SNTL,2019-06-19,31.2,26.4
233,548:NV:SNTL,2019-06-20,31.2,26.4
234,548:NV:SNTL,2019-06-21,31.2,26.4
235,548:NV:SNTL,2019-06-22,31.2,26.4
236,548:NV:SNTL,2019-06-23,31.2,26.4
237,548:NV:SNTL,2019-06-24,31.2,26.4
238,548:NV:SNTL,2019-06-25,31.2,26.5
239,548:NV:SNTL,2019-06-26,31.2,26.5
240,548:NV:SNTL,2019-06-27,31.2,26.5
241,548:NV:SNTL,2019-06-28,31.2,26.5
242,548:NV:SNTL,2019-06-29,31.2,26.6
243,548:NV:SNTL,2019-06-30,31.2,26.6
244,573:NV:SNTL,2019-03-01,15.4,14.2
245,573:NV:SNTL,2019-03-02,15.4,14.3
246,573:NV:SNTL,2019-03-03,15.4,14.4
247,573:NV:SNTL,2019-03-04,15.5,14.5
248,573:NV:SNTL,2019-03-05,15.7,14.7
249,573:NV:SNTL,2019-03-06,15.7,14.8
250,573:NV:SNTL,2019-03-07,16.0,14.8
251,573:NV:SNTL,2019-03-08,16.1,14.9
252,573:NV:SNTL,2019-03-09,16.3,15.0
253,573:NV:SNTL,2019-03-10,16.3,15.1
254,573:NV:SNTL,2019-03-11,16.3,15.1
255,573:NV:SNTL,2019-03-12,16.5,15.1
256,573:NV:SNTL,2019-03-13,16.5,15.2
257,573:NV:SNTL,2019-03-14,16.5,15.3
258,573:NV:SNTL,2019-03-15,16.5,15.4
259,573:NV:SNTL,2019-03-16,16.5,15.5
260,573:NV:SNTL,2019-03-17,16.5,15.6
261,573:NV:SNTL,2019-03-18,16.5,15.7
262,573:NV:SNTL,2019-03-19,16.5,15.8
263,573:NV:SNTL,2019-03-20,16.5,15.8
264,573:NV:SNTL,2019-03-21,16.5,15.9
265,573:NV:SNTL,2019-03-22,16.7,16.1
266,573:NV:SNTL,2019-03-23,16.7,16.2
267,573:NV:SNTL,2019-03-24,16.9,16.3
268,573:NV:SNTL,2019-03-25,16.9,16.4
269,573:NV:SNTL,2019-03-26,16.9,16.6
270,573:NV:SNTL,2019-03-27,17.2,16.7
271,573:NV:SNTL,2019-03-28,17.3,16.8
272,573:NV:SNTL,2019-03-29,17.5,17.0
273,573:NV:SNTL,2019-03-30,17.5,17.1
274,573:NV:SNTL,2019-03-31,17.5,17.1
275,573:NV:SNTL,2019-04-01,17.5,17.2
276,573:NV:SNTL,2019-04-02,18.0,17.3
277,573:NV:SNTL,2019-04-03,18.0,17.4
278,573:NV:SNTL,2019-04-04,18.1,17.4
279,573:NV:SNTL,2019-04-05,18.4,17.5
280,573:NV:SNTL,2019-04-06,18.4,17.7
281,573:NV:SNTL,2019-04-07,18.4,17.8
282,573:NV:SNTL,2019-04-08,18.5,18.0
283,573:NV:SNTL,2019-04-09,20.0,18.2
284,573:NV:SNTL,2019-04-10,20.2,18.3
285,573:NV:SNTL,2019-04-11,20.5,18.3
286,573:NV:SNTL,2019-04-12,20.6,18.4
287,573:NV:SNTL,2019-04-13,20.6,18.4
288,573:NV:SNTL,2019-04-14,21.7,18.6
289,573:NV:SNTL,2019-04-15,22.0,18.7
290,573:NV:SNTL,2019-04-16,22.3,18.7
291,573:NV:SNTL,2019-04-17,22.3,18.9
292,573:NV:SNTL,2019-04-18,22.3,19.0
293,573:NV:SNTL,2019-04-19,22.3,19.1
294,573:NV:SNTL,2019-04-20,22.4,19.3
295,573:NV:SNTL,2019-04-21,22.5,19.4
296,573:NV:SNTL,2019-04-22,22.5,19.5
297,573:NV:SNTL,2019-04-23,22.5,19.6
298,573:NV:SNTL,2019-04-24,22.5,19.8
299,573:NV:SNTL,2019-04-25,22.5,19.9
300,573:NV:SNTL,2019-04-26,22.5,20.0
301,573:NV:SNTL,2019-04-27,22.5,20.1
302,573:NV:SNTL,2019-04-28,22.5,20.2
303,573:NV:SNTL,2019-04-29,22.5,20.3
304,573:NV:SNTL,2019-04-30,22.7,20.4
305,573:NV:SNTL,2019-05-01,22.7,20.4
306,573:NV:SNTL,2019-05-02,22.7,20.6
307,573:NV:SNTL,2019-05-03,22.7,20.6
308,573:NV:SNTL,2019-05-04,22.7,20.8
309,573:NV:SNTL,2019-05-05,22.7,20.8
310,573:NV:SNTL,2019-05-06,22.7,20.9
311,573:NV:SNTL,2019-05-07,22.7,21.0
312,573:NV:SNTL,2019-05-08,22.7,21.1
313,573:NV:SNTL,2019-05-09,22.7,21.2
314,573:NV:SNTL,2019-05-10,22.7,21.3
315,573:NV:SNTL,2019-05-11,22.7,21.4
316,573:NV:SNTL,2019-05-12,22.7,21.4
317,573:NV:SNTL,2019-05-13,22.7,21.5
318,573:NV:SNTL,2019-05-14,22.7,21.5
319,573:NV:SNTL,2019-05-15,22.7,21.6
320,573:NV:SNTL,2019-05-16,23.0,21.8
321,573:NV:SNTL,2019-05-17,24.2,22.0
322,573:NV:SNTL,2019-05-18,24.2,22.1
323,573:NV:SNTL,2019-05-19,24.6,22.2
324,573:NV:SNTL,2019-05-20,25.0,22.3
325,573:NV:SNTL,2019-05-21,25.6,22.4
326,573:NV:SNTL,2019-05-22,25.7,22.5
327,573:NV:SNTL,2019-05-23,25.9,22.6
328,573:NV:SNTL,2019-05-24,26.1,22.7
329,573:NV:SNTL,2019-05-25,26.2,22.8
330,573:NV:SNTL,2019-05-26,26.4,22.8
331,573:NV:SNTL,2019-05-27,27.0,22.9
332,573:NV:SNTL,2019-05-28,27.2,23.0
333,573:NV:SNTL,2019-05-29,27.3,23.1
334,573:NV:SNTL,2019-05-30,27.6,23.1
335,573:NV:SNTL,2019-05-31,27.6,23.2
336,573:NV:SNTL,2019-06-01,27.6,23.2
337,573:NV:SNTL,2019-06-02,27.6,23.3
338,573:NV:SNTL,2019-06-03,27.7,23.4
339,573:NV:SNTL,2019-06-04,27.7,23.5
340,573:NV:SNTL,2019-06-05,27.7,23.6
341,573:NV:SNTL,2019-06-06,27.7,23.6
342,573:NV:SNTL,2019-06-07,27.9,23.7
343,573:NV:SNTL,2019-06-08,27.9,23.8
344,573:NV:SNTL,2019-06-09,27.9,23.8
345,573:NV:SNTL,2019-06-10,27.9,23.9
346,573:NV:SNTL,2019-06-11,27.9,23.9
347,573:NV:SNTL,2019-06-12,27.9,24.0
348,573:NV:SNTL,2019-06-13,28.0,24.1
349,573:NV:SNTL,2019-06-14,28.1,24.1
350,573:NV:SNTL,2019-06-15,28.1,24.1
351,573:NV:SNTL,2019-06-16,28.1,24.2
352,573:NV:SNTL,2019-06-17,28.1,24.2
353,573:NV:SNTL,2019-06-18,28.1,24.2
354,573:NV:SNTL,2019-06-19,28.1,24.3
355,573:NV:SNTL,2019-06-20,28.1,24.3
356,573:NV:SNTL,2019-06-21,28.1,24.3
357,573:NV:SNTL,2019-06-22,28.1,24.3
358,573:NV:SNTL,2019-06-23,28.1,24.3
359,573:NV:SNTL,2019-06-24,28.1,24.3
360,573:NV:SNTL,2019-06-25,28.1,24.3
361,573:NV:SNTL,2019-06-26,28.1,24.4
362,573:NV:SNTL,2019-06-27,28.1,24.4
363,573:NV:SNTL,2019-06-28,28.1,24.4
364,573:NV:SNTL,2019-06-29,28.1,24.4
365,573:NV:SNTL,2019-06-30,28.1,24.4
366,654:ID:SNTL,2019-03-01,10.1,9.4
367,654:ID:SNTL,2019-03-02,10.1,9.4
368,654:ID:SNTL,2019-03-03,10.1,9.4
369,654:ID:SNTL,2019-03-04,10.1,9.5
370,654:ID:SNTL,2019-03-05,10.4,9.6
371,654:ID:SNTL,2019-03-06,10.4,9.6
372,654:ID:SNTL,2019-03-07,10.4,9.7
373,654:ID:SNTL,2019-03-08,10.4,9.8
374,654:ID:SNTL,2019-03-09,10.6,9.8
375,654:ID:SNTL,2019-03-10,10.6,9.9
376,654:ID:SNTL,2019-03-11,10.6,9.9
377,654:ID:SNTL,2019-03-12,10.7,9.9
378,654:ID:SNTL,2019-03-13,10.7,10.0
379,654:ID:SNTL,2019-03-14,10.7,10.0
380,654:ID:SNTL,2019-03-15,10.7,10.1
381,654:ID:SNTL,2019-03-16,10.7,10.1
382,654:ID:SNTL,2019-03-17,10.7,10.2
383,654:ID:SNTL,2019-03-18,10.7,10.2
384,654:ID:SNTL,2019-03-19,10.7,10.3
385,654:ID:SNTL,2019-03-20,10.8,10.3
386,654:ID:SNTL,2019-03-21,10.9,10.3
387,654:ID:SNTL,2019-03-22,10.9,10.4
388,654:ID:SNTL,2019-03-23,10.9,10.4
389,654:ID:SNTL,2019-03-24,10.9,10.5
390,654:ID:SNTL,2019-03-25,10.9,10.5
391,654:ID:SNTL,2019-03-26,11.0,10.6
392,654:ID:SNTL,2019-03-27,11.0,10.6
393,654:ID:SNTL,2019-03-28,11.0,10.7
394,654:ID:SNTL,2019-03-29,11.0,10.8
395,654:ID:SNTL,2019-03-30,11.0,10.9
396,654:ID:SNTL,2019-03-31,11.0,10.9
397,654:ID:SNTL,2019-04-01,11.2,11.0
398,654:ID:SNTL,2019-04-02,11.5,11.0
399,654:ID:SNTL,2019-04-03,11.6,11.1
400,654:ID:SNTL,2019-04-04,11.6,11.2
401,654:ID:SNTL,2019-04-05,11.6,11.2
402,654:ID:SNTL,2019-04-06,11.6,11.3
403,654:ID:SNTL,2019-04-07,11.7,11.4
404,654:ID:SNTL,2019-04-08,12.1,11.5
405,654:ID:SNTL,2019-04-09,12.1,11.5
406,654:ID:SNTL,2019-04-10,12.1,11.5
407,654:ID:SNTL,2019-04-11,12.1,11.6
408,654:ID:SNTL,2019-04-12,12.1,11.6
409,654:ID:SNTL,2019-04-13,12.3,11.6
410,654:ID:SNTL,2019-04-14,12.5,11.7
411,654:ID:SNTL,2019-04-15,12.6,11.7
412,654:ID:SNTL,2019-04-16,12.6,11.8
413,654:ID:SNTL,2019-04-17,12.6,11.8
414,654:ID:SNTL,2019-04-18,12.6,11.8
415,654:ID:SNTL,2019-04-19,12.6,11.9
416,654:ID:SNTL,2019-04-20,13.0,11.9
417,654:ID:SNTL,2019-04-21,13.0,12.0
418,654:ID:SNTL,2019-04-22,13.0,12.1
419,654:ID:SNTL,2019-04-23,13.0,12.1
420,654:ID:SNTL,2019-04-24,13.0,12.2
421,654:ID:SNTL,2019-04-25,13.0,12.2
422,654:ID:SNTL,2019-04-26,13.0,12.3
423,654:ID:SNTL,2019-04-27,13.0,12.4
424,654:ID:SNTL,2019-04-28,13.0,12.4
425,654:ID:SNTL,2019-04-29,13.0,12.4
426,654:ID:SNTL,2019-04-30,13.0,12.5
427,654:ID:SNTL,2019-05-01,13.0,12.5
428,654:ID:SNTL,2019-05-02,13.0,12.6
429,654:ID:SNTL,2019-05-03,13.0,12.6
430,654:ID:SNTL,2019-05-04,13.0,12.6
431,654:ID:SNTL,2019-05-05,13.0,12.7
432,654:ID:SNTL,2019-05-06,13.0,12.8
433,654:ID:SNTL,2019-05-07,13.0,12.8
434,654:ID:SNTL,2019-05-08,13.0,12.9
435,654:ID:SNTL,2019-05-09,13.0,12.9
436,654:ID:SNTL,2019-05-10,13.0,13.0
437,654:ID:SNTL,2019-05-11,13.0,13.1
438,654:ID:SNTL,2019-05-12,13.0,13.1
439,654:ID:SNTL,2019-05-13,13.0,13.1
440,654:ID:SNTL,2019-05-14,13.3,13.2
441,654:ID:SNTL,2019-05-15,13.3,13.2
442,654:ID:SNTL,2019-05-16,13.3,13.3
443,654:ID:SNTL,2019-05-17,13.4,13.4
444,654:ID:SNTL,2019-05-18,13.5,13.5
445,654:ID:SNTL,2019-05-19,13.8,13.5
446,654:ID:SNTL,2019-05-20,14.3,13.6
447,654:ID:SNTL,2019-05-21,14.7,13.7
448,654:ID:SNTL,2019-05-22,14.8,13.7
449,654:ID:SNTL,2019-05-23,14.9,13.8
450,654:ID:SNTL,2019-05-24,15.0,13.8
451,654:ID:SNTL,2019-05-25,15.2,13.9
452,654:ID:SNTL,2019-05-26,15.5,14.0
453,654:ID:SNTL,2019-05-27,15.5,14.1
454,654:ID:SNTL,2019-05-28,15.6,14.1
455,654:ID:SNTL,2019-05-29,16.0,14.2
456,654:ID:SNTL,2019-05-30,16.7,14.2
457,654:ID:SNTL,2019-05-31,17.2,14.3
458,654:ID:SNTL,2019-06-01,17.3,14.3
459,654:ID:SNTL,2019-06-02,18.1,14.4
460,654:ID:SNTL,2019-06-03,18.1,14.4
461,654:ID:SNTL,2019-06-04,18.1,14.5
462,654:ID:SNTL,2019-06-05,18.1,14.5
463,654:ID:SNTL,2019-06-06,18.1,14.6
464,654:ID:SNTL,2019-06-07,18.1,14.6
465,654:ID:SNTL,2019-06-08,18.2,14.6
466,654:ID:SNTL,2019-06-09,18.3,14.7
467,654:ID:SNTL,2019-06-10,18.3,14.7
468,654:ID:SNTL,2019-06-11,18.3,14.8
469,654:ID:SNTL,2019-06-12,18.6,14.8
470,654:ID:SNTL,2019-06-13,18.6,14.9
471,654:ID:SNTL,2019-06-14,18.6,14.9
472,654:ID:SNTL,2019-06-15,18.6,15.0
473,654:ID:SNTL,2019-06-16,18.6,15.0
474,654:ID:SNTL,2019-06-17,18.6,15.0
475,654:ID:SNTL,2019-06-18,18.6,15.1
476,654:ID:SNTL,2019-06-19,18.6,15.1
477,654:ID:SNTL,2019-06-20,18.6,15.1
478,654:ID:SNTL,2019-06-21,18.6,15.2
479,654:ID:SNTL,2019-06-22,18.6,15.2
480,654:ID:SNTL,2019-06-23,18.6,15.2
481,654:ID:SNTL,2019-06-24,18.6,15.2
482,654:ID:SNTL,2019-06-25,18.6,15.3
483,654:ID:SNTL,2019-06-26,18.6,15.3
484,654:ID:SNTL,2019-06-27,18.6,15.3
485,654:ID:SNTL,2019-06-28,18.6,15.4
486,654:ID:SNTL,2019-06-29,18.6,15.4
487,654:ID:SNTL,2019-06-30,18.6,15.5
488,774:ID:SNTL,2019-03-01,20.5,19.0
489,774:ID:SNTL,2019-03-02,20.5,19.1
490,774:ID:SNTL,2019-03-03,20.5,19.2
491,774:ID:SNTL,2019-03-04,20.5,19.5
492,774:ID:SNTL,2019-03-05,20.6,19.6
493,774:ID:SNTL,2019-03-06,20.8,19.7
494,774:ID:SNTL,2019-03-07,20.9,19.8
495,774:ID:SNTL,2019-03-08,20.9,20.0
496,774:ID:SNTL,2019-03-09,21.2,20.1
497,774:ID:SNTL,2019-03-10,21.2,20.2
498,774:ID:SNTL,2019-03-11,21.2,20.3
499,774:ID:SNTL,2019-03-12,21.5,20.4
500,774:ID:SNTL,2019-03-13,21.5,20.5
501,774:ID:SNTL,2019-03-14,21.6,20.6
502,774:ID:SNTL,2019-03-15,21.6,20.7
503,774:ID:SNTL,2019-03-16,21.6,20.9
504,774:ID:SNTL,2019-03-17,21.6,21.0
505,774:ID:SNTL,2019-03-18,21.6,21.1
506,774:ID:SNTL,2019-03-19,21.6,21.2
507,774:ID:SNTL,2019-03-20,21.6,21.3
508,774:ID:SNTL,2019-03-21,21.6,21.4
509,774:ID:SNTL,2019-03-22,21.6,21.6
510,774:ID:SNTL,2019-03-23,21.8,21.8
511,774:ID:SNTL,2019-03-24,22.1,21.9
512,774:ID:SNTL,2019-03-25,22.1,22.0
513,774:ID:SNTL,2019-03-26,22.1,22.2
514,774:ID:SNTL,2019-03-27,22.4,22.4
515,774:ID:SNTL,2019-03-28,22.4,22.5
516,774:ID:SNTL,2019-03-29,22.6,22.7
517,774:ID:SNTL,2019-03-30,22.6,22.8
518,774:ID:SNTL,2019-03-31,22.6,22.9
519,774:ID:SNTL,2019-04-01,22.6,23.1
520,774:ID:SNTL,2019-04-02,22.9,23.2
521,774:ID:SNTL,2019-04-03,23.2,23.3
522,774:ID:SNTL,2019-04-04,23.2,23.4
523,774:ID:SNTL,2019-04-05,23.2,23.6
524,774:ID:SNTL,2019-04-06,23.3,23.8
525,774:ID:SNTL,2019-04-07,23.5,23.9
526,774:ID:SNTL,2019-04-08,23.8,24.1
527,774:ID:SNTL,2019-04-09,24.5,24.3
528,774:ID:SNTL,2019-04-10,24.6,24.4
529,774:ID:SNTL,2019-04-11,25.5,24.5
530,774:ID:SNTL,2019-04-12,25.8,24.5
531,774:ID:SNTL,2019-04-13,26.0,24.7
532,774:ID:SNTL,2019-04-14,27.2,24.8
533,774:ID:SNTL,2019-04-15,27.8,25.0
534,774:ID:SNTL,2019-04-16,27.8,25.1
535,774:ID:SNTL,2019-04-17,27.8,25.2
536,774:ID:SNTL,2019-04-18,27.8,25.3
537,774:ID:SNTL,2019-04-19,27.8,25.5
538,774:ID:SNTL,2019-04-20,28.8,25.6
539,774:ID:SNTL,2019-04-21,28.8,25.7
540,774:ID:SNTL,2019-04-22,28.8,25.8
541,774:ID:SNTL,2019-04-23,28.8,25.9
542,774:ID:SNTL,2019-04-24,28.8,26.2
543,774:ID:SNTL,2019-04-25,28.8,26.3
544,774:ID:SNTL,2019-04-26,28.8,26.4
545,774:ID:SNTL,2019-04-27,28.8,26.5
546,774:ID:SNTL,2019-04-28,28.8,26.6
547,774:ID:SNTL,2019-04-29,28.8,26.7
548,774:ID:SNTL,2019-04-30,28.8,26.7
549,774:ID:SNTL,2019-05-01,28.8,26.8
550,774:ID:SNTL,2019-05-02,28.8,26.9
551,774:ID:SNTL,2019-05-03,28.8,27.1
552,774:ID:SNTL,2019-05-04,28.8,27.2
553,774:ID:SNTL,2019-05-05,28.8,27.2
554,774:ID:SNTL,2019-05-06,28.8,27.4
555,774:ID:SNTL,2019-05-07,28.9,27.4
556,774:ID:SNTL,2019-05-08,28.9,27.6
557,774:ID:SNTL,2019-05-09,28.9,27.7
558,774:ID:SNTL,2019-05-10,28.9,27.8
559,774:ID:SNTL,2019-05-11,28.9,27.9
560,774:ID:SNTL,2019-05-12,28.9,28.0
561,774:ID:SNTL,2019-05-13,28.9,28.1
562,774:ID:SNTL,2019-05-14,28.9,28.1
563,774:ID:SNTL,2019-05-15,29.0,28.3
564,774:ID:SNTL,2019-05-16,29.6,28.4
565,774:ID:SNTL,2019-05-17,31.4,28.6
566,774:ID:SNTL,2019-05-18,31.4,28.8
567,774:ID:SNTL,2019-05-19,32.0,28.9
568,774:ID:SNTL,2019-05-20,32.8,29.0
569,774:ID:SNTL,2019-05-21,33.2,29.1
570,774:ID:SNTL,2019-05-22,33.2,29.3
571,774:ID:SNTL,2019-05-23,33.2,29.3
572,774:ID:SNTL,2019-05-24,33.7,29.4
573,774:ID:SNTL,2019-05-25,33.8,29.5
574,774:ID:SNTL,2019-05-26,33.9,29.6
575,774:ID:SNTL,2019-05-27,33.9,29.8
576,774:ID:SNTL,2019-05-28,33.9,29.9
577,774:ID:SNTL,2019-05-29,34.7,30.0
578,774:ID:SNTL,2019-05-30,36.1,30.1
579,774:ID:SNTL,2019-05-31,36.1,30.2
580,774:ID:SNTL,2019-06-01,36.1,30.2
581,774:ID:SNTL,2019-06-02,36.3,30.3
582,774:ID:SNTL,2019-06-03,36.3,30.4
583,774:ID:SNTL,2019-06-04,36.3,30.5
584,774:ID:SNTL,2019-06-05,36.3,30.6
585,774:ID:SNTL,2019-06-06,36.3,30.7
586,774:ID:SNTL,2019-06-07,36.7,30.7
587,774:ID:SNTL,2019-06-08,36.7,30.8
588,774:ID:SNTL,2019-06-09,36.7,30.8
589,774:ID:SNTL,2019-06-10,36.7,30.9
590,774:ID:SNTL,2019-06-11,36.7,31.0
591,774:ID:SNTL,2019-06-12,36.7,31.1
592,774:ID:SNTL,2019-06-13,36.7,31.2
593,774:ID:SNTL,2019-06-14,36.7,31.2
594,774:ID:SNTL,2019-06-15,36.7,31.2
595,774:ID:SNTL,2019-06-16,36.7,31.3
596,774:ID:SNTL,2019-06-17,36.7,31.4
597,774:ID:SNTL,2019-06-18,36.7,31.5
598,774:ID:SNTL,2019-06-19,36.7,31.5
599,774:ID:SNTL,2019-06-20,36.7,31.5
600,774:ID:SNTL,2019-06-21,36.7,31.5
601,774:ID:SNTL,2019-06-22,36.7,31.6
602,774:ID:SNTL,2019-06-23,36.7,31.6
603,774:ID:SNTL,2019-06-24,36.7,31.6
604,774:ID:SNTL,2019-06-25,36.7,31.7
605,774:ID:SNTL,2019-06-26,36.7,31.7
606,774:ID:SNTL,2019-06-27,36.7,31.8
607,774:ID:SNTL,2019-06-28,36.7,31.8
608,774:ID:SNTL,2019-06-29,36.7,31.9
609,774:ID:SNTL,2019-06-30,36.7,31.9
610,811:NV:SNTL,2019-03-01,9.2,6.9
611,811:NV:SNTL,2019-03-02,9.3,6.9
612,811:NV:SNTL,2019-03-03,9.3,7.0
613,811:NV:SNTL,2019-03-04,9.4,7.0
614,811:NV:SNTL,2019-03-05,9.6,7.1
615,811:NV:SNTL,2019-03-06,9.7,7.1
616,811:NV:SNTL,2019-03-07,9.8,7.1
617,811:NV:SNTL,2019-03-08,9.8,7.2
618,811:NV:SNTL,2019-03-09,9.8,7.2
619,811:NV:SNTL,2019-03-10,9.9,7.2
620,811:NV:SNTL,2019-03-11,9.9,7.2
621,811:NV:SNTL,2019-03-12,9.9,7.3
622,811:NV:SNTL,2019-03-13,9.9,7.3
623,811:NV:SNTL,2019-03-14,9.9,7.3
624,811:NV:SNTL,2019-03-15,9.9,7.3
625,811:NV:SNTL,2019-03-16,9.9,7.4
626,811:NV:SNTL,2019-03-17,9.9,7.4
627,811:NV:SNTL,2019-03-18,9.9,7.4
628,811:NV:SNTL,2019-03-19,9.9,7.4
629,811:NV:SNTL,2019-03-20,9.9,7.5
630,811:NV:SNTL,2019-03-21,9.9,7.5
631,811:NV:SNTL,2019-03-22,10.0,7.6
632,811:NV:SNTL,2019-03-23,10.1,7.7
633,811:NV:SNTL,2019-03-24,10.1,7.7
634,811:NV:SNTL,2019-03-25,10.1,7.7
635,811:NV:SNTL,2019-03-26,10.1,7.8
636,811:NV:SNTL,2019-03-27,10.2,7.9
637,811:NV:SNTL,2019-03-28,10.3,7.9
638,811:NV:SNTL,2019-03-29,10.3,8.0
639,811:NV:SNTL,2019-03-30,10.4,8.0
640,811:NV:SNTL,2019-03-31,10.4,8.0
641,811:NV:SNTL,2019-04-01,10.4,8.0
642,811:NV:SNTL,2019-04-02,10.8,8.1
643,811:NV:SNTL,2019-04-03,10.8,8.1
644,811:NV:SNTL,2019-04-04,10.9,8.1
645,811:NV:SNTL,2019-04-05,10.9,8.2
646,811:NV:SNTL,2019-04-06,10.9,8.2
647,811:NV:SNTL,2019-04-07,10.9,8.3
648,811:NV:SNTL,2019-04-08,10.9,8.4
649,811:NV:SNTL,2019-04-09,11.1,8.4
650,811:NV:SNTL,2019-04-10,11.2,8.4
651,811:NV:SNTL,2019-04-11,11.4,8.5
652,811:NV:SNTL,2019-04-12,11.5,8.5
653,811:NV:SNTL,2019-04-13,11.5,8.5
654,811:NV:SNTL,2019-04-14,11.5,8.6
655,811:NV:SNTL,2019-04-15,11.6,8.6
656,811:NV:SNTL,2019-04-16,11.8,8.6
657,811:NV:SNTL,2019-04-17,11.8,8.7
658,811:NV:SNTL,2019-04-18,11.8,8.8
659,811:NV:SNTL,2019-04-19,11.8,8.8
660,811:NV:SNTL,2019-04-20,11.9,8.9
661,811:NV:SNTL,2019-04-21,11.9,8.9
662,811:NV:SNTL,2019-04-22,11.9,9.0
663,811:NV:SNTL,2019-04-23,11.9,9.1
664,811:NV:SNTL,2019-04-24,11.9,9.2
665,811:NV:SNTL,2019-04-25,12.0,9.2
666,811:NV:SNTL,2019-04-26,12.3,9.3
667,811:NV:SNTL,2019-04-27,12.3,9.4
668,811:NV:SNTL,2019-04-28,12.4,9.4
669,811:NV:SNTL,2019-04-29,12.4,9.4
670,811:NV:SNTL,2019-04-30,12.6,9.5
671,811:NV:SNTL,2019-05-01,12.7,9.5
672,811:NV:SNTL,2019-05-02,12.7,9.6
673,811:NV:SNTL,2019-05-03,12.7,9.6
674,811:NV:SNTL,2019-05-04,12.7,9.7
675,811:NV:SNTL,2019-05-05,12.7,9.7
676,811:NV:SNTL,2019-05-06,12.7,9.8
677,811:NV:SNTL,2019-05-07,12.7,9.8
678,811:NV:SNTL,2019-05-08,12.7,9.8
679,811:NV:SNTL,2019-05-09,12.7,9.9
680,811:NV:SNTL,2019-05-10,12.7,9.9
681,811:NV:SNTL,2019-05-11,12.7,10.0
682,811:NV:SNTL,2019-05-12,12.7,10.0
683,811:NV:SNTL,2019-05-13,12.7,10.0
684,811:NV:SNTL,2019-05-14,12.7,10.0
685,811:NV:SNTL,2019-05-15,12.7,10.1
686,811:NV:SNTL,2019-05-16,12.8,10.2
687,811:NV:SNTL,2019-05-17,13.4,10.3
688,811:NV:SNTL,2019-05-18,13.4,10.3
689,811:NV:SNTL,2019-05-19,13.9,10.4
690,811:NV:SNTL,2019-05-20,14.2,10.4
691,811:NV:SNTL,2019-05-21,14.2,10.5
692,811:NV:SNTL,2019-05-22,14.4,10.5
693,811:NV:SNTL,2019-05-23,14.4,10.6
694,811:NV:SNTL,2019-05-24,14.6,10.6
695,811:NV:SNTL,2019-05-25,15.0,10.7
696,811:NV:SNTL,2019-05-26,15.1,10.7
697,811:NV:SNTL,2019-05-27,16.0,10.8
698,811:NV:SNTL,2019-05-28,16.3,10.9
699,811:NV:SNTL,2019-05-29,16.7,11.0
700,811:NV:SNTL,2019-05-30,16.8,11.0
701,811:NV:SNTL,2019-05-31,16.9,11.0
702,811:NV:SNTL,2019-06-01,16.9,11.0
703,811:NV:SNTL,2019-06-02,16.9,11.1
704,811:NV:SNTL,2019-06-03,16.9,11.1
705,811:NV:SNTL,2019-06-04,16.9,11.1
706,811:NV:SNTL,2019-06-05,17.1,11.2
707,811:NV:SNTL,2019-06-06,17.1,11.2
708,811:NV:SNTL,2019-06-07,17.1,11.3
709,811:NV:SNTL,2019-06-08,17.1,11.3
710,811:NV:SNTL,2019-06-09,17.1,11.3
711,811:NV:SNTL,2019-06-10,17.1,11.4
712,811:NV:SNTL,2019-06-11,17.1,11.4
713,811:NV:SNTL,2019-06-12,17.1,11.5
714,811:NV:SNTL,2019-06-13,17.1,11.5
715,811:NV:SNTL,2019-06-14,17.1,11.5
716,811:NV:SNTL,2019-06-15,17.1,11.5
717,811:NV:SNTL,2019-06-16,17.1,11.5
718,811:NV:SNTL,2019-06-17,17.1,11.5
719,811:NV:SNTL,2019-06-18,17.1,11.5
720,811:NV:SNTL,2019-06-19,17.1,11.6
721,811:NV:SNTL,2019-06-20,17.1,11.6
722,811:NV:SNTL,2019-06-21,17.1,11.6
723,811:NV:SNTL,2019-06-22,17.1,11.6
724,811:NV:SNTL,2019-06-23,17.1,11.6
725,811:NV:SNTL,2019-06-24,17.1,11.6
726,811:NV:SNTL,2019-06-25,17.1,11.6
727,811:NV:SNTL,2019-06-26,17.1,11.6
728,811:NV:SNTL,2019-06-27,17.1,11.6
729,811:NV:SNTL,2019-06-28,17.1,11.6
730,811:NV:SNTL,2019-06-29,17.1,11.7
731,811:NV:SNTL,2019-06-30,17.1,11.7
732,1136:NV:SNTL,2019-03-01,21.0,16.6
733,1136:NV:SNTL,2019-03-02,21.1,16.7
734,1136:NV:SNTL,2019-03-03,21.1,16.8
735,1136:NV:SNTL,2019-03-04,21.2,16.9
736,1136:NV:SNTL,2019-03-05,21.4,17.0
737,1136:NV:SNTL,2019-03-06,22.0,17.2
738,1136:NV:SNTL,2019-03-07,22.2,17.3
739,1136:NV:SNTL,2019-03-08,22.3,17.3
740,1136:NV:SNTL,2019-03-09,22.4,17.4
741,1136:NV:SNTL,2019-03-10,22.4,17.4
742,1136:NV:SNTL,2019-03-11,22.4,17.5
743,1136:NV:SNTL,2019-03-12,22.6,17.5
744,1136:NV:SNTL,2019-03-13,22.6,17.6
745,1136:NV:SNTL,2019-03-14,22.6,17.8
746,1136:NV:SNTL,2019-03-15,22.6,17.8
747,1136:NV:SNTL,2019-03-16,22.7,18.1
748,1136:NV:SNTL,2019-03-17,22.7,18.2
749,1136:NV:SNTL,2019-03-18,22.7,18.3
750,1136:NV:SNTL,2019-03-19,22.7,18.3
751,1136:NV:SNTL,2019-03-20,22.7,18.3
752,1136:NV:SNTL,2019-03-21,23.0,18.6
753,1136:NV:SNTL,2019-03-22,23.2,18.8
754,1136:NV:SNTL,2019-03-23,23.5,18.9
755,1136:NV:SNTL,2019-03-24,23.5,19.0
756,1136:NV:SNTL,2019-03-25,23.6,19.1
757,1136:NV:SNTL,2019-03-26,23.6,19.2
758,1136:NV:SNTL,2019-03-27,23.9,19.4
759,1136:NV:SNTL,2019-03-28,23.9,19.5
760,1136:NV:SNTL,2019-03-29,24.0,19.6
761,1136:NV:SNTL,2019-03-30,24.0,19.8
762,1136:NV:SNTL,2019-03-31,24.0,19.8
763,1136:NV:SNTL,2019-04-01,24.1,19.9
764,1136:NV:SNTL,2019-04-02,24.9,20.0
765,1136:NV:SNTL,2019-04-03,25.2,20.1
766,1136:NV:SNTL,2019-04-04,25.5,20.1
767,1136:NV:SNTL,2019-04-05,26.0,20.3
768,1136:NV:SNTL,2019-04-06,26.0,20.4
769,1136:NV:SNTL,2019-04-07,26.0,20.6
770,1136:NV:SNTL,2019-04-08,26.0,20.8
771,1136:NV:SNTL,2019-04-09,26.4,20.9
772,1136:NV:SNTL,2019-04-10,26.6,20.9
773,1136:NV:SNTL,2019-04-11,27.0,21.0
774,1136:NV:SNTL,2019-04-12,27.1,21.1
775,1136:NV:SNTL,2019-04-13,27.2,21.2
776,1136:NV:SNTL,2019-04-14,27.3,21.2
777,1136:NV:SNTL,2019-04-15,27.5,21.3
778,1136:NV:SNTL,2019-04-16,27.7,21.3
779,1136:NV:SNTL,2019-04-17,27.7,21.5
780,1136:NV:SNTL,2019-04-18,27.7,21.6
781,1136:NV:SNTL,2019-04-19,27.7,21.7
782,1136:NV:SNTL,2019-04-20,27.8,21.7
783,1136:NV:SNTL,2019-04-21,27.8,21.8
784,1136:NV:SNTL,2019-04-22,27.8,22.0
785,1136:NV:SNTL,2019-04-23,27.8,22.0
786,1136:NV:SNTL,2019-04-24,27.8,22.3
787,1136:NV:SNTL,2019-04-25,27.8,22.5
788,1136:NV:SNTL,2019-04-26,27.8,22.6
789,1136:NV:SNTL,2019-04-27,27.8,22.7
790,1136:NV:SNTL,2019-04-28,27.8,22.8
791,1136:NV:SNTL,2019-04-29,27.8,22.9
792,1136:NV:SNTL,2019-04-30,28.1,22.9
793,1136:NV:SNTL,2019-05-01,28.1,22.9
794,1136:NV:SNTL,2019-05-02,28.1,22.9
795,1136:NV:SNTL,2019-05-03,28.1,22.9
796,1136:NV:SNTL,2019-05-04,28.1,22.9
797,1136:NV:SNTL,2019-05-05,28.2,23.0
798,1136:NV:SNTL,2019-05-06,28.3,23.0
799,1136:NV:SNTL,2019-05-07,28.3,23.1
800,1136:NV:SNTL,2019-05-08,28.3,23.2
801,1136:NV:SNTL,2019-05-09,28.4,23.2
802,1136:NV:SNTL,2019-05-10,28.4,23.3
803,1136:NV:SNTL,2019-05-11,28.4,23.3
804,1136:NV:SNTL,2019-05-12,28.4,23.4
805,1136:NV:SNTL,2019-05-13,28.4,23.4
806,1136:NV:SNTL,2019-05-14,28.4,23.5
807,1136:NV:SNTL,2019-05-15,28.4,23.5
808,1136:NV:SNTL,2019-05-16,29.0,23.8
809,1136:NV:SNTL,2019-05-17,30.1,24.1
810,1136:NV:SNTL,2019-05-18,30.2,24.2
811,1136:NV:SNTL,2019-05-19,30.6,24.4
812,1136:NV:SNTL,2019-05-20,31.2,24.6
813,1136:NV:SNTL,2019-05-21,31.8,24.7
814,1136:NV:SNTL,2019-05-22,32.0,24.9
815,1136:NV:SNTL,2019-05-23,32.1,24.9
816,1136:NV:SNTL,2019-05-24,32.5,25.0
817,1136:NV:SNTL,2019-05-25,32.7,25.0
818,1136:NV:SNTL,2019-05-26,32.9,25.2
819,1136:NV:SNTL,2019-05-27,33.6,25.4
820,1136:NV:SNTL,2019-05-28,33.8,25.5
821,1136:NV:SNTL,2019-05-29,34.0,25.6
822,1136:NV:SNTL,2019-05-30,34.8,25.7
823,1136:NV:SNTL,2019-05-31,34.9,25.7
824,1136:NV:SNTL,2019-06-01,34.9,25.8
825,1136:NV:SNTL,2019-06-02,34.9,25.8
826,1136:NV:SNTL,2019-06-03,34.9,25.9
827,1136:NV:SNTL,2019-06-04,34.9,25.9
828,1136:NV:SNTL,2019-06-05,34.9,25.9
829,1136:NV:SNTL,2019-06-06,34.9,26.0
830,1136:NV:SNTL,2019-06-07,34.9,26.1
831,1136:NV:SNTL,2019-06-08,34.9,26.1
832,1136:NV:SNTL,2019-06-09,34.9,26.1
833,1136:NV:SNTL,2019-06-10,34.9,26.1
834,1136:NV:SNTL,2019-06-11,34.9,26.1
835,1136:NV:SNTL,2019-06-12,34.9,26.2
836,1136:NV:SNTL,2019-06-13,34.9,26.3
837,1136:NV:SNTL,2019-06-14,34.9,26.3
838,1136:NV:SNTL,2019-06-15,34.9,26.3
839,1136:NV:SNTL,2019-06-16,34.9,26.3
840,1136:NV:SNTL,2019-06-17,34.9,26.3
841,1136:NV:SNTL,2019-06-18,34.9,26.3
842,1136:NV:SNTL,2019-06-19,34.9,26.3
843,1136:NV:SNTL,2019-06-20,34.9,26.3
844,1136:NV:SNTL,2019-06-21,34.9,26.3
845,1136:NV:SNTL,2019-06-22,34.9,26.3
846,1136:NV:SNTL,2019-06-23,34.9,26.3
847,1136:NV:SNTL,2019-06-24,34.9,26.4
848,1136:NV:SNTL,2019-06-25,34.9,26.4
849,1136:NV:SNTL,2019-06-26,34.9,26.4
850,1136:NV:SNTL,2019-06-27,34.9,26.4
851,1136:NV:SNTL,2019-06-28,34.9,26.4
852,1136:NV:SNTL,2019-06-29,34.9,26.5
853,1136:NV:SNTL,2019-06-30,34.9,26.5
