month_day,2003,2004,2005,2006,2007,2008,2009,2010,2011,2012,2013,2014,2015,2016,2017,2018,2019,2020,2021,2022,2023,2024
10-01,17.1,23.9,11.0,10.6,16.6,7.8,9.8,14.2,9.4,7.9,17.35,16.9,11.65,12.5,12.0,7.6,16.8,9.4,9.6,8.8,21.7,
10-02,16.5,24.0,12.5,10.2,20.2,8.0,9.3,14.7,9.6,7.800000000000001,16.3,16.5,13.2,12.2,11.65,7.6,16.8,9.5,9.7,8.649999999999999,21.6,
10-03,16.2,23.9,12.85,10.3,20.0,7.8,9.5,13.9,9.5,8.0,16.05,16.2,12.8,12.3,11.399999999999999,7.3,16.8,9.4,9.5,8.3,22.6,
10-04,16.1,23.7,11.95,10.3,19.3,10.0,9.4,14.7,9.4,7.6499999999999995,15.9,15.850000000000001,12.8,11.85,11.7,8.6,16.8,9.5,9.5,8.35,21.7,
10-05,16.1,23.6,11.85,10.3,18.3,12.9,9.3,13.6,11.0,7.4,15.649999999999999,15.7,13.5,11.95,11.85,8.6,16.8,9.65,9.6,8.3,21.0,
10-06,15.9,23.7,12.2,11.1,17.0,13.2,9.4,15.1,12.6,7.300000000000001,15.850000000000001,16.1,13.9,12.100000000000001,13.4,9.4,16.8,9.3,9.5,8.149999999999999,20.4,
10-07,16.0,23.5,12.2,11.6,16.4,13.1,9.3,14.8,14.6,7.5,15.7,16.0,14.45,11.9,15.05,10.6,16.8,9.4,9.9,8.05,19.8,
10-08,16.0,23.7,12.05,12.6,17.7,12.9,9.4,14.8,15.7,7.15,15.25,15.4,14.399999999999999,11.9,14.600000000000001,10.7,17.0,9.3,14.4,8.05,19.7,
10-09,15.8,23.5,11.8,13.5,17.0,12.4,9.4,15.3,15.5,7.2,15.05,14.8,14.5,11.95,14.2,13.3,17.0,9.3,15.5,7.75,19.8,
10-10,15.9,22.6,12.0,14.2,16.3,10.4,9.8,15.6,18.0,7.4,15.05,14.4,14.7,12.0,13.75,16.5,16.8,10.0,15.3,8.3,19.8,
10-11,16.0,22.7,11.95,14.7,15.0,9.8,9.9,15.2,23.2,7.4,14.8,14.4,14.1,12.05,13.0,14.6,16.7,9.8,15.4,8.05,23.2,
10-12,15.8,22.4,11.7,15.0,15.2,9.7,11.9,14.9,22.5,7.35,14.9,13.9,14.0,11.8,12.600000000000001,14.3,16.8,10.0,15.3,8.2,24.45,
10-13,15.8,22.2,11.2,15.3,14.5,9.7,13.6,15.0,21.7,7.65,14.8,13.7,13.95,11.75,12.2,13.5,16.7,10.1,15.0,7.95,24.4,
10-14,15.6,21.7,11.25,15.4,14.4,10.7,18.0,14.7,19.8,7.45,14.45,13.8,13.5,12.95,12.100000000000001,13.6,17.0,10.0,15.4,7.95,24.700000000000003,
10-15,15.6,21.4,11.3,15.9,14.6,11.6,18.0,14.6,19.0,7.65,14.350000000000001,14.350000000000001,13.05,13.0,12.0,13.3,16.9,9.7,15.0,8.0,24.35,
10-16,15.7,21.2,11.2,15.7,14.4,13.1,18.0,14.1,22.5,8.75,14.3,13.9,12.7,15.5,11.95,13.4,17.2,9.6,16.6,8.0,24.1,
10-17,15.7,25.3,11.5,17.0,14.3,12.5,17.9,13.6,21.2,8.6,14.25,13.399999999999999,13.95,21.0,12.0,13.6,16.7,9.7,16.3,7.800000000000001,23.5,
10-18,15.7,25.0,11.5,16.9,19.05,13.6,18.3,12.8,20.8,8.65,13.8,12.9,14.3,21.55,12.149999999999999,13.8,16.8,9.7,16.8,7.95,23.05,
10-19,15.7,26.9,11.6,21.0,26.9,13.9,21.6,13.0,20.3,8.649999999999999,13.600000000000001,12.75,18.0,22.1,12.149999999999999,13.8,16.3,9.8,16.2,7.85,22.8,
10-20,15.6,26.2,11.45,18.6,26.3,13.5,22.0,12.8,19.7,8.55,13.8,12.8,19.75,21.85,13.5,13.7,16.6,9.8,16.4,7.75,22.4,
10-21,15.7,26.35,11.350000000000001,16.8,27.25,12.8,21.5,12.9,19.2,8.649999999999999,13.95,13.850000000000001,19.1,22.1,13.6,14.1,17.2,9.8,16.5,7.95,22.0,
10-22,15.6,27.4,11.350000000000001,17.0,25.7,12.5,21.3,12.7,18.8,8.6,13.75,14.7,18.4,22.1,16.9,14.5,17.6,9.7,17.0,9.05,22.0,
10-23,15.9,30.15,11.3,16.8,26.3,12.4,23.8,14.0,18.2,8.5,13.850000000000001,14.9,19.3,21.6,16.950000000000003,18.7,17.2,9.6,17.5,8.8,21.35,
10-24,15.6,29.6,11.4,16.7,26.5,12.4,23.3,31.4,17.4,8.35,14.1,14.95,19.25,22.200000000000003,17.200000000000003,18.6,17.0,9.6,25.7,9.7,21.0,
10-25,15.2,29.15,11.4,16.4,26.8,12.7,21.1,27.1,16.5,8.399999999999999,14.1,14.649999999999999,19.299999999999997,22.1,17.1,18.5,17.3,9.2,27.4,9.95,23.3,
10-26,15.3,30.450000000000003,11.45,16.4,25.7,12.3,21.0,26.1,16.4,8.3,13.95,14.35,18.45,22.3,16.85,18.1,17.0,9.3,27.7,9.7,22.3,
10-27,15.4,32.3,12.05,16.6,25.1,12.4,20.7,25.0,16.0,9.05,13.8,14.7,18.3,22.6,17.200000000000003,17.7,17.2,9.2,30.1,9.7,22.049999999999997,
10-28,15.4,31.85,11.8,16.2,24.8,12.5,20.8,27.7,15.5,12.55,13.649999999999999,13.600000000000001,18.8,29.5,17.0,17.1,16.9,9.2,30.1,9.75,21.5,
10-29,15.1,31.5,17.8,16.2,27.6,11.9,20.2,27.9,16.0,12.65,14.5,13.95,20.3,28.35,17.0,16.2,11.5,9.1,29.7,9.600000000000001,19.75,
10-30,15.1,31.45,18.15,10.2,29.7,11.9,23.4,28.9,16.3,12.65,14.65,14.6,20.25,31.599999999999998,16.65,16.1,10.8,9.4,29.2,11.350000000000001,19.4,
10-31,15.1,31.4,17.35,10.0,27.2,11.8,23.4,29.5,16.4,13.5,14.65,14.649999999999999,20.5,29.8,15.9,16.0,10.3,9.6,28.4,11.4,19.799999999999997,
11-01,15.1,31.15,18.15,10.0,26.6,14.6,23.7,29.3,16.2,13.45,14.7,14.7,20.5,29.15,16.1,18.9,10.1,9.6,29.9,11.75,20.8,
11-02,14.8,30.95,18.049999999999997,15.6,25.8,21.2,23.6,28.8,13.6,13.4,15.15,14.5,21.95,28.200000000000003,16.0,18.9,10.2,9.6,29.6,12.8,22.05,
11-03,14.6,30.799999999999997,18.25,16.0,25.5,21.0,23.5,29.7,13.7,13.649999999999999,15.399999999999999,17.299999999999997,22.1,27.85,16.0,18.8,11.2,9.6,28.8,13.7,22.049999999999997,
11-04,14.6,31.049999999999997,19.700000000000003,18.9,25.6,23.0,23.4,29.2,13.7,13.4,15.25,18.15,22.8,27.65,16.35,18.7,11.0,9.6,28.9,14.05,22.049999999999997,
11-05,14.7,30.9,20.299999999999997,18.3,25.5,22.2,23.5,28.2,13.5,13.2,15.65,20.8,22.4,27.3,16.7,18.0,11.2,9.7,28.5,14.15,22.950000000000003,
11-06,14.5,30.700000000000003,24.45,17.8,24.8,21.6,23.5,27.5,13.7,13.0,16.25,21.5,22.5,27.7,16.75,18.0,12.7,9.6,28.0,15.3,22.8,
11-07,14.6,30.9,25.6,17.3,24.0,24.0,23.6,29.9,13.7,12.8,18.35,21.2,22.15,27.700000000000003,16.45,17.6,14.2,9.3,27.6,15.75,22.8,
11-08,14.5,31.7,24.5,18.1,23.5,24.6,23.5,29.2,13.5,12.35,17.65,20.85,22.2,27.35,16.4,14.1,14.6,9.0,26.9,15.85,21.8,
11-09,14.6,31.9,24.15,18.2,24.3,24.9,23.4,28.3,13.5,12.35,17.85,21.15,22.7,27.1,18.0,11.6,16.5,9.2,27.9,16.3,21.0,
11-10,14.4,31.9,25.5,16.1,25.4,25.7,23.4,28.2,13.5,12.3,17.549999999999997,21.049999999999997,22.65,26.7,18.1,11.4,14.8,9.1,28.0,16.65,21.0,
11-11,14.4,32.45,24.950000000000003,16.3,26.3,25.4,23.5,28.0,9.8,12.25,17.65,20.25,22.6,26.3,19.6,11.2,14.7,9.3,28.2,17.35,21.1,
11-12,14.3,32.349999999999994,23.3,16.0,27.1,29.7,23.5,27.8,13.6,12.15,18.25,17.65,22.45,25.95,19.15,9.7,14.4,9.3,28.6,17.5,21.9,
11-13,14.6,31.95,22.9,24.4,27.0,31.0,23.4,27.5,13.6,12.3,18.950000000000003,18.0,22.15,25.65,18.7,9.4,14.4,9.2,28.6,17.45,22.2,
11-14,14.5,31.65,28.0,24.7,25.6,28.2,23.3,30.9,13.6,12.4,18.7,18.1,22.25,25.25,19.15,9.6,14.5,9.3,28.1,17.35,21.9,
11-15,14.3,31.05,25.299999999999997,24.5,25.2,27.0,22.4,31.1,13.5,12.35,17.6,18.450000000000003,22.4,24.55,21.05,9.7,14.7,9.4,27.9,17.15,21.5,
11-16,14.4,30.799999999999997,23.75,28.4,26.2,26.4,20.3,29.7,13.5,12.65,17.45,18.05,22.25,24.3,29.65,9.9,15.2,9.8,27.5,17.049999999999997,22.1,
11-17,14.4,30.65,21.65,28.4,28.3,26.3,20.6,30.0,13.6,13.7,17.25,16.799999999999997,22.299999999999997,24.1,28.450000000000003,9.8,15.4,10.2,26.9,17.05,22.1,
11-18,14.9,30.25,19.75,28.4,28.0,25.9,20.8,29.1,14.5,14.45,16.950000000000003,16.299999999999997,22.45,23.75,27.1,9.0,15.3,11.4,27.549999999999997,16.8,22.4,
11-19,15.0,29.950000000000003,19.299999999999997,28.1,27.0,25.9,19.2,28.8,15.0,15.95,17.35,17.0,23.9,23.450000000000003,26.3,8.4,15.5,11.9,27.8,15.45,22.2,
11-20,15.1,28.4,18.4,28.3,25.9,25.6,19.7,28.7,14.6,16.0,17.200000000000003,17.25,25.25,23.799999999999997,27.0,8.4,15.2,12.0,27.7,15.05,22.0,
11-21,15.1,24.15,17.9,28.2,25.2,24.8,18.7,28.5,14.3,17.0,17.7,17.05,24.1,24.15,31.35,8.2,15.0,11.7,26.8,14.7,21.8,
11-22,14.8,23.15,17.3,27.2,24.6,24.5,17.4,28.5,14.3,16.65,17.049999999999997,18.85,23.200000000000003,23.799999999999997,30.9,8.6,14.6,10.8,26.5,14.5,21.7,
11-23,14.9,22.5,16.7,25.6,22.9,24.6,17.1,28.5,14.5,16.25,16.9,19.9,23.0,23.4,30.8,8.9,14.3,11.1,25.7,14.45,22.0,
11-24,14.9,22.799999999999997,16.45,25.3,21.3,23.2,17.0,28.4,14.5,14.8,15.850000000000001,19.8,23.15,23.15,30.6,9.4,14.0,10.8,22.7,14.4,21.9,
11-25,15.0,22.85,21.9,25.0,20.5,21.9,17.0,28.4,13.6,17.35,15.15,20.6,23.75,22.950000000000003,30.1,9.7,13.7,10.3,22.7,14.4,21.7,
11-26,14.8,23.95,22.2,24.6,18.7,22.6,17.0,28.2,13.5,16.2,13.6,20.8,23.85,22.75,30.15,9.5,13.2,10.6,23.2,14.399999999999999,21.6,
11-27,14.9,25.05,22.35,24.6,18.7,23.9,17.1,27.9,13.6,14.1,15.35,22.0,23.7,22.799999999999997,30.5,9.6,12.9,10.2,22.6,14.3,21.4,
11-28,14.9,24.85,21.7,24.5,18.8,24.0,16.4,28.1,13.5,13.6,15.7,23.1,23.3,22.85,29.2,9.9,12.5,10.2,22.9,14.35,21.4,
11-29,33.4,23.65,22.65,24.4,18.9,23.5,15.7,28.0,13.5,13.55,15.3,23.049999999999997,22.700000000000003,22.85,28.5,10.2,12.4,10.3,22.5,14.5,21.1,
11-30,31.6,20.7,22.549999999999997,24.4,18.7,23.9,15.3,27.8,13.6,15.35,15.35,21.6,22.25,22.9,27.9,10.4,12.4,10.4,22.6,14.5,21.1,
12-01,29.4,21.0,23.049999999999997,24.1,18.0,23.7,14.0,27.9,11.6,17.1,15.850000000000001,21.4,21.950000000000003,22.8,27.75,10.3,12.2,10.1,22.6,14.85,21.1,
12-02,28.6,20.5,23.55,24.4,17.7,23.5,14.1,28.3,12.9,18.85,16.3,21.45,21.85,22.9,27.450000000000003,10.3,12.2,10.4,23.1,14.899999999999999,21.3,
12-03,27.8,19.65,24.65,22.6,18.2,23.2,13.2,28.7,10.1,19.5,16.4,22.0,21.85,22.75,27.6,10.5,12.3,10.3,22.9,15.25,21.4,
12-04,26.3,19.3,24.65,21.6,19.1,23.0,13.0,28.6,10.1,29.9,16.3,24.25,22.05,22.85,27.3,11.2,12.4,10.0,22.9,16.3,21.4,
12-05,32.4,19.1,24.65,21.2,19.1,22.6,12.1,28.5,9.8,29.0,14.65,24.15,22.1,22.85,27.1,12.0,12.4,9.9,22.5,16.25,21.6,
12-06,34.6,19.1,24.5,20.6,19.3,21.5,11.6,28.7,10.1,28.1,13.2,24.2,22.1,22.75,26.9,12.3,12.6,9.9,22.1,16.1,22.7,
12-07,32.1,19.45,24.35,20.5,20.3,20.3,11.4,28.9,10.1,26.2,13.149999999999999,24.05,24.7,22.6,26.5,12.4,12.6,9.9,22.0,16.15,22.7,
12-08,31.2,29.25,23.9,20.5,21.0,19.9,11.3,28.9,9.8,25.75,12.8,24.0,26.7,22.7,26.4,12.6,12.8,9.8,21.8,16.0,22.8,
12-09,30.6,30.6,21.950000000000003,20.7,21.2,19.4,10.5,29.1,9.8,24.9,12.3,23.85,26.75,22.55,25.5,12.7,13.0,9.8,21.5,15.899999999999999,22.9,
12-10,30.1,30.35,21.2,21.0,20.4,19.3,9.8,29.2,9.9,24.25,12.2,24.9,26.65,23.0,25.35,12.8,12.6,9.6,21.2,15.8,22.9,
12-11,30.1,29.8,21.25,21.3,18.8,19.4,9.8,29.8,9.9,23.6,14.8,26.7,26.15,23.0,25.0,12.8,12.8,9.7,21.0,15.7,23.0,
12-12,29.8,29.3,21.15,21.7,18.6,19.6,10.2,29.9,9.8,23.299999999999997,12.0,27.45,25.9,23.200000000000003,24.4,13.0,12.9,9.5,20.9,15.600000000000001,22.9,
12-13,31.8,29.25,20.9,26.8,18.4,19.2,10.8,29.9,9.2,23.200000000000003,12.2,26.6,26.05,23.4,24.5,12.9,12.9,9.6,21.0,15.6,23.1,
12-14,31.2,29.2,21.0,28.1,16.9,19.2,11.1,29.9,8.4,23.3,12.3,25.9,25.950000000000003,23.549999999999997,24.35,12.8,14.1,9.9,21.3,15.65,22.9,
12-15,31.0,29.15,20.15,28.0,16.9,19.0,11.1,30.0,8.5,23.25,12.100000000000001,25.75,25.85,25.700000000000003,24.2,12.8,15.2,10.0,21.1,15.600000000000001,22.7,
12-16,30.6,28.950000000000003,19.55,27.6,16.8,19.0,11.3,29.6,8.7,23.15,12.15,25.5,25.799999999999997,26.4,23.9,12.9,15.0,9.9,21.2,15.5,22.6,
12-17,30.3,27.25,19.15,27.4,15.5,18.8,11.7,29.7,8.6,23.1,12.2,25.45,25.6,26.6,23.35,13.0,15.0,10.0,21.1,15.45,22.6,
12-18,29.8,26.7,19.15,25.6,15.6,18.6,12.2,29.4,8.6,23.0,12.65,24.9,25.55,26.549999999999997,23.0,13.1,14.8,10.0,21.2,15.45,22.6,
12-19,29.6,25.25,20.299999999999997,25.3,16.8,18.6,12.2,29.5,8.5,21.8,12.15,25.0,25.65,26.05,22.8,13.3,14.8,10.3,21.3,15.350000000000001,23.0,
12-20,29.8,23.75,20.5,24.3,17.9,18.7,12.4,29.4,8.5,21.75,11.7,24.950000000000003,25.700000000000003,25.85,22.65,13.2,14.9,10.5,21.3,15.3,23.0,
12-21,30.2,22.299999999999997,20.55,23.3,19.0,18.9,12.4,29.3,8.4,21.7,12.149999999999999,30.85,25.75,25.8,22.65,13.8,14.7,10.6,21.3,15.15,23.0,
12-22,29.9,21.95,24.65,23.8,18.9,19.5,12.8,29.4,8.4,21.75,12.600000000000001,31.1,25.7,25.4,22.5,13.5,15.0,10.4,21.4,15.2,23.0,
12-23,29.6,21.9,25.9,24.1,19.1,19.6,12.8,29.2,8.3,21.65,12.7,29.9,25.8,25.450000000000003,22.35,13.6,16.6,10.1,21.4,15.05,23.5,
12-24,29.5,21.7,25.799999999999997,24.5,19.0,19.4,12.8,29.3,8.2,21.65,12.85,29.450000000000003,25.85,25.55,22.4,13.8,15.1,9.8,21.6,15.15,23.3,
12-25,29.8,21.65,25.65,24.8,19.0,19.7,12.7,29.2,8.3,21.65,12.15,29.15,25.9,25.6,22.5,14.1,15.7,10.0,21.6,15.15,23.4,
12-26,30.1,21.25,25.35,24.6,19.1,19.9,12.4,29.1,8.3,21.6,12.0,28.299999999999997,25.95,25.65,22.549999999999997,14.1,16.4,10.3,21.7,15.25,23.4,
12-27,30.0,21.1,25.3,24.8,19.1,19.8,12.3,29.0,8.5,21.5,11.95,27.8,25.85,25.7,22.6,14.1,16.6,10.4,21.7,17.799999999999997,23.5,
12-28,30.0,21.0,26.25,24.6,18.9,20.0,12.5,29.1,10.0,21.6,12.0,27.65,25.85,25.7,22.5,14.0,16.4,10.3,21.7,18.15,23.4,
12-29,30.1,20.8,26.55,24.7,19.0,20.1,12.7,29.0,9.9,21.6,11.7,27.25,25.95,25.8,22.450000000000003,13.9,16.5,10.2,21.7,18.15,23.7,
12-30,30.1,20.75,26.65,24.4,19.1,20.5,12.7,29.2,10.6,21.45,11.9,27.4,26.049999999999997,25.799999999999997,22.55,14.0,16.4,10.2,21.2,18.049999999999997,23.9,
12-31,30.4,20.549999999999997,27.4,24.0,19.3,20.5,12.6,29.450000000000003,10.8,21.3,11.850000000000001,27.1,25.950000000000003,25.9,22.55,14.0,16.5,10.5,21.25,18.4,24.0,
01-01,,30.5,20.6,27.5,23.8,19.0,20.6,12.5,29.1,10.4,21.1,12.0,27.1,25.85,25.85,22.35,13.6,16.6,10.3,21.1,19.15,24.1
01-02,,30.6,20.700000000000003,28.15,23.8,19.0,20.8,12.8,29.2,10.0,21.049999999999997,12.0,26.6,25.85,25.9,22.0,13.8,16.6,10.6,21.35,19.3,24.1
01-03,,30.7,20.8,28.700000000000003,24.1,19.0,20.7,12.6,29.1,10.2,20.9,11.95,26.45,25.950000000000003,25.95,21.9,13.6,16.7,10.6,21.05,19.3,24.2
01-04,,30.7,20.7,28.700000000000003,24.7,18.9,20.8,12.7,28.9,10.1,20.6,11.7,26.4,25.75,26.1,21.95,13.6,16.7,10.7,21.15,19.1,24.1
01-05,,30.8,20.700000000000003,28.75,24.7,19.0,20.7,12.5,28.9,10.4,20.6,10.95,26.35,25.85,26.049999999999997,22.15,13.8,16.9,10.6,21.25,19.3,24.1
01-06,,30.6,20.85,28.5,24.65,19.1,20.6,12.899999999999999,28.8,9.9,20.549999999999997,10.75,26.1,25.75,26.15,22.25,13.6,16.9,10.7,22.0,19.3,24.2
01-07,,30.5,20.799999999999997,28.9,24.1,19.3,18.75,12.4,28.6,10.0,20.549999999999997,11.25,26.35,25.75,26.3,22.35,13.9,16.9,10.7,22.2,19.200000000000003,24.2
01-08,,30.5,21.1,28.75,23.8,19.1,20.7,12.6,28.8,10.0,20.700000000000003,11.649999999999999,26.35,25.75,26.25,22.4,13.6,16.9,10.8,22.0,19.1,24.2
01-09,,30.6,21.25,28.700000000000003,23.9,19.4,21.0,12.7,28.6,10.0,20.6,11.7,26.7,25.8,26.4,24.4,13.9,16.8,10.7,22.200000000000003,19.25,24.6
01-10,,30.6,21.65,28.8,23.7,19.5,20.9,12.8,28.6,10.0,20.65,12.0,26.549999999999997,25.9,26.5,25.2,14.1,16.8,10.6,22.200000000000003,19.200000000000003,24.6
01-11,,30.6,22.200000000000003,28.75,23.9,20.0,20.8,12.8,28.4,9.0,20.5,12.15,26.6,25.9,26.7,25.2,14.0,16.9,10.7,22.200000000000003,19.3,24.6
01-12,,30.6,22.549999999999997,28.85,23.2,19.8,21.4,13.1,28.4,8.6,20.6,12.15,26.85,26.0,26.85,25.0,14.0,16.9,10.8,22.2,19.35,24.7
01-13,,30.7,22.65,29.0,22.4,19.9,21.7,13.1,28.3,8.6,20.55,12.15,26.6,26.0,26.8,24.75,13.9,17.0,11.2,22.299999999999997,19.4,24.7
01-14,,30.6,22.6,29.15,22.0,20.1,21.2,13.6,28.3,9.3,20.299999999999997,12.399999999999999,26.65,25.95,26.9,24.700000000000003,14.0,16.8,11.7,22.15,19.35,24.8
01-15,,30.5,22.75,29.049999999999997,21.7,20.1,21.0,13.7,28.3,8.9,20.35,12.4,26.6,25.85,26.85,24.9,14.1,16.8,11.7,22.3,19.45,24.9
01-16,,30.3,22.75,29.15,22.0,20.0,21.2,13.6,31.0,8.4,20.25,11.850000000000001,26.55,25.7,26.9,24.9,13.9,17.0,11.7,22.25,19.799999999999997,25.1
01-17,,30.3,22.9,29.2,21.8,20.1,21.2,13.5,31.2,8.3,20.1,11.649999999999999,26.8,25.95,27.0,24.95,14.3,17.1,11.8,22.4,19.85,25.1
01-18,,30.3,23.0,29.15,21.5,19.9,21.1,13.7,30.7,8.4,20.15,11.5,27.1,25.9,27.05,25.15,14.2,17.3,11.9,22.85,19.75,25.2
01-19,,30.2,23.25,29.2,20.9,19.8,21.1,13.7,30.4,9.0,20.15,11.05,26.799999999999997,25.8,27.05,25.15,14.5,17.3,11.8,22.6,19.85,25.2
01-20,,30.2,23.200000000000003,29.15,21.1,19.9,21.0,13.9,30.3,9.3,20.1,11.25,27.05,26.1,27.15,25.85,14.5,17.6,11.2,22.5,19.8,25.4
01-21,,30.2,23.35,29.2,20.9,20.0,20.9,13.8,30.4,9.9,20.05,11.25,27.1,26.1,27.15,26.1,15.4,17.8,11.3,22.6,20.0,25.4
01-22,,30.0,23.4,29.2,20.7,20.0,21.1,13.7,30.2,10.1,20.0,11.149999999999999,27.05,26.25,27.2,26.25,15.6,18.0,11.2,22.35,19.85,25.3
01-23,,29.8,23.45,29.2,20.7,20.0,22.25,14.0,30.2,10.1,20.0,11.2,27.25,26.35,27.2,26.35,15.3,18.1,11.4,22.4,19.85,25.4
01-24,,29.7,23.35,29.25,20.6,19.7,21.2,13.9,29.9,10.1,20.0,10.85,26.95,26.3,27.2,25.9,15.6,18.4,11.3,22.35,20.0,25.75
01-25,,29.5,23.35,29.25,20.7,19.8,21.3,14.0,29.9,10.3,20.15,10.45,27.1,26.35,27.25,25.55,15.5,18.6,11.2,22.45,19.85,25.6
01-26,,29.4,23.4,29.2,20.6,19.7,21.0,13.9,29.9,10.5,20.25,10.65,27.05,26.6,27.25,25.299999999999997,15.6,19.2,11.1,22.3,20.1,25.7
01-27,,29.6,23.55,29.15,20.7,19.8,21.2,14.1,29.8,10.4,20.450000000000003,11.1,26.8,26.6,27.35,25.299999999999997,15.7,19.2,11.2,22.3,20.4,25.8
01-28,,29.6,23.85,29.2,20.2,19.8,21.1,14.1,29.7,10.5,20.450000000000003,11.3,27.9,26.65,27.4,25.200000000000003,15.4,19.4,11.4,22.3,20.35,25.9
01-29,,29.8,24.0,29.25,20.5,19.8,21.4,14.3,29.8,10.3,20.55,14.85,28.049999999999997,26.65,27.299999999999997,25.1,15.7,19.3,11.3,22.15,20.25,25.9
01-30,,30.0,24.25,29.25,20.0,19.9,21.2,14.3,29.6,10.4,20.45,15.149999999999999,28.1,26.85,27.25,25.25,15.5,19.4,11.6,22.1,20.15,25.9
01-31,,30.3,24.0,29.4,20.4,19.8,21.2,14.1,29.7,10.2,20.549999999999997,14.75,28.1,26.9,27.35,25.25,15.4,19.4,11.6,21.9,20.549999999999997,26.0
02-01,,30.4,24.05,29.4,20.2,19.9,21.3,14.3,29.7,10.4,20.3,15.1,28.1,26.95,27.4,25.1,15.4,19.3,11.5,22.0,20.35,26.2
02-02,,30.6,23.85,29.4,19.9,20.0,21.3,14.2,29.7,10.4,20.5,15.05,28.25,27.0,27.9,25.25,15.8,19.4,11.5,21.8,20.35,26.3
02-03,,30.6,23.7,29.4,19.8,20.0,21.3,14.2,29.1,10.4,20.35,14.85,29.35,26.9,27.9,26.5,15.7,18.6,11.7,21.6,20.45,26.4
02-04,,30.6,23.35,29.5,19.65,19.9,21.3,14.3,28.7,10.3,20.5,14.95,28.7,27.25,28.0,26.75,15.8,19.9,11.8,21.7,20.6,26.5
02-05,,30.8,23.35,29.549999999999997,20.2,20.0,21.5,14.3,28.8,10.2,20.35,15.05,28.9,27.2,28.05,26.65,16.0,20.25,11.7,21.5,20.35,26.4
02-06,,30.9,23.3,29.450000000000003,20.85,19.8,21.3,14.4,29.2,10.1,20.4,14.95,29.5,27.35,28.05,26.75,15.7,19.9,12.4,21.35,20.4,26.5
02-07,,30.8,23.3,29.450000000000003,21.3,20.1,21.3,14.6,29.1,10.0,20.5,14.95,30.299999999999997,27.3,28.2,26.8,15.9,20.1,12.6,21.200000000000003,20.549999999999997,26.5
02-08,,30.9,23.299999999999997,29.450000000000003,21.5,19.9,21.4,14.7,29.3,9.7,20.3,15.4,30.75,27.35,28.35,26.799999999999997,16.0,20.0,12.5,21.049999999999997,20.7,26.6
02-09,,31.0,23.05,29.55,21.7,19.8,21.5,14.7,29.2,10.3,20.25,15.850000000000001,31.2,27.2,29.1,26.85,16.0,18.9,12.6,20.9,20.65,26.6
02-10,,31.0,22.9,29.4,24.4,19.7,21.4,14.6,29.0,10.3,20.200000000000003,16.0,30.85,27.35,29.25,26.9,15.9,20.0,12.6,20.85,20.6,26.6
02-11,,31.0,22.65,29.45,24.6,20.0,21.4,14.6,29.0,10.3,20.4,15.9,30.5,27.200000000000003,29.3,25.700000000000003,16.1,20.0,12.5,21.200000000000003,20.4,26.7
02-12,,31.5,22.8,29.45,24.4,19.9,21.6,14.7,28.7,10.2,20.299999999999997,16.05,30.4,27.2,29.1,25.6,16.0,19.05,12.6,21.549999999999997,20.5,26.7
02-13,,31.2,22.85,29.5,24.5,19.9,21.3,14.8,28.7,10.1,20.3,16.0,30.299999999999997,27.2,29.1,25.65,15.9,20.2,12.9,22.15,20.299999999999997,26.7
02-14,,31.2,21.3,29.45,24.7,19.8,21.4,14.9,28.7,10.1,20.25,16.799999999999997,30.35,27.85,28.8,25.5,16.3,20.1,13.1,22.1,20.15,26.7
02-15,,31.2,23.15,29.299999999999997,24.7,19.8,21.4,15.0,28.7,10.0,20.4,20.4,30.0,28.3,28.65,25.15,16.0,20.1,13.0,22.2,20.3,26.7
02-16,,31.2,23.1,29.200000000000003,25.8,19.7,21.5,14.9,28.7,10.0,20.299999999999997,21.75,29.45,28.7,28.9,25.15,16.0,20.2,12.9,22.15,20.299999999999997,26.7
02-17,,31.2,22.85,29.25,26.2,19.7,21.5,15.2,28.7,10.1,20.3,21.85,29.1,28.75,28.9,25.1,16.2,20.2,13.1,22.05,20.25,26.7
02-18,,31.5,22.95,29.3,26.2,19.7,21.5,15.2,28.7,10.3,20.25,22.15,29.15,28.700000000000003,28.950000000000003,24.9,16.0,20.2,12.9,22.15,19.95,26.8
02-19,,31.8,23.15,29.1,26.3,19.7,21.5,15.5,28.7,10.2,20.25,22.0,28.9,28.75,28.950000000000003,25.1,16.2,20.2,12.8,22.05,20.1,26.8
02-20,,31.9,23.2,29.15,26.3,19.8,21.7,16.2,28.5,10.0,20.299999999999997,22.15,28.65,28.799999999999997,29.2,24.9,16.2,20.4,12.8,22.35,20.1,26.8
02-21,,31.8,23.25,29.25,26.4,19.7,21.6,16.1,28.6,10.1,20.3,22.0,28.799999999999997,28.7,29.5,24.95,16.6,20.3,12.9,22.5,19.950000000000003,26.8
02-22,,31.8,23.45,29.25,26.4,19.7,21.6,16.3,28.8,10.4,20.25,21.85,27.85,28.799999999999997,29.15,24.85,17.1,20.3,13.2,22.05,20.0,26.8
02-23,,31.7,23.65,29.05,26.5,19.8,21.5,16.3,28.6,10.3,20.1,21.55,27.6,28.75,29.3,25.3,17.8,20.4,13.1,22.049999999999997,19.95,26.8
02-24,,31.4,23.7,29.1,26.6,19.6,21.6,16.3,28.8,10.4,20.15,21.9,26.75,28.799999999999997,29.15,25.2,18.4,20.4,13.6,21.75,19.85,26.8
02-25,,31.5,23.700000000000003,29.0,26.5,19.6,21.6,15.8,28.9,10.5,20.35,22.75,26.75,28.6,29.25,24.9,18.6,20.4,14.1,21.75,19.8,26.9
02-26,,31.5,23.5,29.0,26.5,19.8,21.8,15.8,28.8,10.4,20.1,23.15,27.200000000000003,28.6,29.05,24.9,18.7,20.4,14.5,21.6,19.8,26.9
02-27,,31.5,23.450000000000003,29.15,26.6,19.8,21.6,16.1,28.8,10.4,20.15,23.55,27.049999999999997,28.65,29.05,24.9,19.4,20.5,14.5,21.4,19.9,26.9
02-28,,31.6,23.55,29.7,26.5,19.9,21.5,16.1,28.8,10.3,20.35,23.55,26.95,28.75,29.05,24.7,19.9,20.5,15.0,21.950000000000003,19.85,26.9
03-01,,31.6,23.6,29.5,26.5,19.9,21.8,16.1,28.9,10.2,20.1,23.5,26.950000000000003,28.950000000000003,29.1,24.8,20.1,20.5,15.4,22.7,19.75,27.0
03-02,,31.7,23.65,29.45,26.5,20.2,21.7,16.1,28.8,10.3,20.05,24.65,26.65,29.549999999999997,29.0,24.8,20.1,20.6,15.7,23.3,19.85,27.0
03-03,,31.6,23.8,29.45,26.4,20.4,21.9,16.3,28.9,10.0,20.200000000000003,25.0,26.75,29.9,29.05,24.7,20.3,20.7,16.1,23.15,19.8,26.8
03-04,,31.7,23.95,29.549999999999997,26.6,20.4,22.0,16.5,28.9,10.3,20.299999999999997,25.299999999999997,26.299999999999997,30.1,29.05,24.9,20.3,20.7,16.1,22.35,19.8,26.9
03-05,,31.8,23.85,29.45,26.6,20.5,21.8,16.6,29.0,10.8,20.200000000000003,25.65,26.3,30.25,29.0,25.0,20.3,21.0,16.6,22.6,19.85,26.8
03-06,,31.7,23.85,29.5,26.5,20.7,21.8,16.8,28.8,11.4,20.2,26.5,27.35,30.4,29.0,24.9,20.5,21.1,17.0,22.7,19.85,26.8
03-07,,31.6,24.1,29.450000000000003,26.5,20.299999999999997,22.3,16.9,29.0,11.3,20.200000000000003,26.6,27.4,30.2,29.2,25.0,20.3,21.6,17.4,22.65,19.9,26.8
03-08,,31.9,27.15,29.5,26.5,20.3,23.0,17.2,29.1,11.1,20.200000000000003,26.25,27.15,30.1,29.4,24.9,20.3,21.4,17.5,22.5,19.95,26.9
03-09,,32.0,28.05,29.450000000000003,26.5,20.2,23.6,17.4,29.1,11.1,20.4,27.0,27.25,30.15,29.65,25.1,20.3,21.6,17.7,22.65,20.0,26.8
03-10,,32.6,29.1,29.5,26.7,20.4,23.5,17.7,29.1,11.55,20.4,27.1,27.35,30.700000000000003,30.35,25.1,20.4,21.6,17.5,22.2,19.95,26.8
03-11,,32.6,29.700000000000003,29.5,26.8,20.7,23.1,17.8,29.2,11.8,20.45,26.75,28.700000000000003,31.5,30.75,25.1,20.4,22.7,17.8,21.950000000000003,20.1,27.1
03-12,,32.7,29.95,29.5,28.4,20.7,22.5,17.9,29.3,11.7,20.55,26.7,28.299999999999997,31.35,31.45,25.3,20.4,23.5,17.8,22.35,20.25,26.8
03-13,,33.9,29.85,29.45,29.0,21.1,22.0,18.1,29.2,11.899999999999999,20.85,26.450000000000003,28.35,31.2,31.65,26.9,20.4,23.6,17.6,22.450000000000003,20.55,26.8
03-14,,33.4,29.65,29.65,29.5,22.1,22.0,18.2,29.2,12.15,24.450000000000003,26.6,31.35,30.75,31.55,26.6,20.5,23.8,17.6,22.700000000000003,20.5,26.7
03-15,,33.6,29.450000000000003,29.5,29.4,22.6,21.8,18.2,29.6,12.45,25.2,26.75,31.6,30.4,31.55,26.1,20.5,23.7,18.3,22.7,20.799999999999997,26.8
03-16,,33.7,29.4,29.6,29.9,22.9,21.8,18.4,30.4,12.6,26.7,26.45,31.5,30.450000000000003,32.2,25.7,20.5,24.1,18.3,22.85,21.25,27.3
03-17,,33.7,30.15,29.5,30.6,22.9,24.1,18.4,30.2,12.95,26.0,26.6,31.35,30.6,32.25,25.9,20.6,24.0,18.1,22.95,20.75,27.2
03-18,,34.3,30.2,29.5,30.6,24.3,24.6,18.3,30.0,13.15,25.6,26.35,31.05,30.65,32.45,26.9,21.9,25.5,18.3,23.1,21.15,27.3
03-19,,34.5,30.5,29.45,31.4,24.4,24.8,18.5,30.2,14.05,25.45,25.75,30.700000000000003,30.950000000000003,32.25,27.3,22.0,25.2,20.9,23.1,21.200000000000003,27.5
03-20,,34.5,31.2,29.5,31.3,25.1,24.8,18.7,30.1,14.600000000000001,27.8,25.75,30.700000000000003,31.15,32.349999999999994,27.4,22.0,24.9,21.7,23.549999999999997,21.1,27.9
03-21,,34.9,31.45,29.450000000000003,30.8,25.4,26.1,19.1,30.3,14.8,27.65,25.6,30.6,31.299999999999997,32.2,27.4,22.1,25.6,21.8,24.049999999999997,21.3,27.9
03-22,,34.8,31.650000000000002,29.5,30.4,25.5,26.2,19.4,30.4,15.05,27.5,25.5,30.35,30.5,31.7,29.0,22.5,25.3,21.8,24.9,21.1,28.4
03-23,,34.6,31.799999999999997,29.549999999999997,30.4,26.3,29.3,19.4,30.4,15.95,27.200000000000003,25.450000000000003,30.55,30.45,31.1,29.2,23.0,25.2,22.0,25.049999999999997,21.4,27.6
03-24,,34.5,31.5,29.65,30.8,26.1,29.2,19.6,30.3,17.1,26.8,26.799999999999997,30.700000000000003,30.2,31.3,29.2,23.3,25.5,21.9,26.799999999999997,21.15,27.6
03-25,,34.9,31.15,30.25,32.2,26.6,29.2,19.8,30.3,18.25,27.549999999999997,27.0,30.549999999999997,30.4,30.950000000000003,29.2,24.3,25.2,21.8,27.5,21.3,27.7
03-26,,33.7,31.049999999999997,30.45,32.4,28.0,29.2,21.1,30.4,19.05,29.35,26.85,30.950000000000003,30.35,30.9,28.9,24.5,25.3,21.6,27.85,21.35,27.7
03-27,,33.3,31.4,30.65,31.3,27.6,29.2,21.3,30.4,19.4,29.55,27.2,31.6,30.4,30.6,28.9,25.9,25.2,22.4,29.049999999999997,21.1,27.7
03-28,,34.0,31.35,30.85,30.9,27.3,29.9,21.1,30.4,19.65,30.200000000000003,27.2,31.3,30.55,30.25,28.8,25.3,25.0,22.8,29.4,21.35,27.8
03-29,,34.5,31.049999999999997,30.8,30.8,27.3,29.8,21.1,30.4,19.95,29.9,27.75,31.0,30.25,31.8,29.0,24.8,25.1,23.2,29.65,21.4,28.8
03-30,,34.7,30.9,31.0,30.6,28.0,29.9,21.3,30.8,20.3,30.05,27.85,30.7,30.25,32.05,29.0,25.9,25.1,23.2,30.25,21.3,28.9
03-31,,34.8,31.2,31.15,30.8,27.9,29.7,21.2,30.7,21.799999999999997,32.6,28.05,30.85,30.299999999999997,31.75,29.3,26.1,27.6,23.3,30.35,21.25,28.9
04-01,,34.2,32.0,30.9,31.3,27.9,29.9,21.3,30.7,22.85,31.7,28.0,30.45,30.3,31.35,30.7,26.5,27.6,24.8,29.75,21.25,28.9
04-02,,34.8,32.0,30.85,31.0,28.2,30.3,21.6,31.0,22.75,32.25,28.2,29.95,30.85,31.35,30.2,27.1,27.6,26.8,30.1,21.65,28.9
04-03,,34.8,31.950000000000003,32.2,30.9,28.0,30.950000000000003,21.8,31.1,22.6,32.45,28.55,29.700000000000003,31.0,30.75,30.0,27.9,27.7,26.8,30.299999999999997,21.25,29.1
04-04,,34.9,31.799999999999997,33.150000000000006,32.3,27.7,30.2,21.9,31.0,22.65,31.85,28.55,29.6,31.6,30.65,29.8,29.0,27.7,28.2,30.7,21.450000000000003,29.0
04-05,,35.4,32.05,32.650000000000006,32.2,28.0,30.1,24.4,31.1,22.9,31.7,28.55,29.549999999999997,31.450000000000003,30.5,31.4,29.3,27.8,27.5,30.25,21.4,28.9
04-06,,35.2,32.85,32.25,32.9,28.5,30.1,24.9,30.9,23.950000000000003,31.3,28.45,29.35,31.6,30.549999999999997,30.6,29.2,27.7,27.6,30.15,21.5,28.9
04-07,,34.8,33.35,32.1,33.3,28.3,30.5,24.9,30.9,24.25,30.8,28.3,29.6,31.700000000000003,30.950000000000003,32.7,29.3,28.1,28.0,30.95,21.6,29.1
04-08,,34.1,32.75,32.0,33.05,29.3,30.7,25.1,30.9,26.049999999999997,30.95,29.05,30.55,32.3,30.9,32.2,29.3,28.8,28.1,32.2,21.6,29.0
04-09,,33.1,32.45,31.75,32.2,28.3,30.9,25.2,30.9,26.3,30.85,29.65,30.85,32.45,30.799999999999997,32.3,29.9,30.9,28.3,30.5,21.7,28.9
04-10,,31.9,32.5,32.0,31.4,28.1,30.8,25.2,30.9,26.85,31.25,29.85,31.55,32.8,30.6,33.9,29.6,31.6,28.6,30.0,22.9,29.1
04-11,,31.4,32.75,31.75,31.5,28.2,30.6,25.2,31.0,26.35,31.950000000000003,29.75,31.55,32.75,30.5,33.7,29.1,31.5,28.8,29.799999999999997,24.7,29.1
04-12,,31.2,33.2,32.4,31.4,29.4,30.3,25.4,31.0,26.0,31.75,29.8,31.5,33.05,30.8,32.2,29.1,31.2,28.9,29.55,24.8,29.5
04-13,,31.1,32.95,32.55,31.4,31.6,29.8,25.4,31.0,26.9,31.1,29.3,31.6,32.85,30.9,32.4,28.4,30.7,28.8,29.4,24.6,29.7
04-14,,30.6,32.8,33.2,31.9,32.0,29.3,25.5,31.0,27.15,30.7,29.4,31.15,32.3,30.75,31.9,30.0,30.9,28.8,29.200000000000003,24.45,29.7
04-15,,30.4,33.849999999999994,33.8,31.6,31.3,30.3,26.3,31.0,27.1,30.4,29.55,31.1,31.6,30.65,32.3,30.0,30.8,28.6,29.05,24.95,29.7
04-16,,30.2,34.45,33.05,31.7,31.4,30.2,27.5,32.7,27.700000000000003,30.35,29.75,31.5,31.6,30.75,32.0,29.7,31.0,28.5,29.0,25.1,29.5
04-17,,31.7,34.8,32.45,32.9,31.4,30.2,27.8,32.9,28.25,30.450000000000003,30.2,31.5,32.0,32.05,31.4,28.8,31.3,28.5,29.200000000000003,24.95,29.7
04-18,,32.2,33.6,32.15,31.8,32.2,29.7,28.4,32.6,28.1,30.5,29.7,31.2,32.349999999999994,32.25,31.3,28.6,31.7,28.4,29.05,23.9,29.8
04-19,,33.2,32.8,32.4,31.6,31.8,32.4,30.5,32.4,28.75,30.85,29.75,30.85,32.349999999999994,31.950000000000003,30.9,28.8,31.7,28.9,29.049999999999997,23.9,29.8
04-20,,33.5,32.55,32.75,31.8,31.2,32.5,32.2,32.5,30.4,30.95,29.049999999999997,31.05,32.1,31.700000000000003,30.9,29.4,31.6,28.6,29.1,25.0,30.3
04-21,,34.1,32.45,32.9,31.5,31.0,33.0,31.4,32.3,30.4,31.3,29.05,30.8,32.15,31.6,32.2,29.1,31.9,28.9,29.2,25.35,30.3
04-22,,34.6,33.8,34.75,31.3,31.2,32.95,31.4,31.4,30.200000000000003,31.2,27.9,30.700000000000003,33.150000000000006,31.7,33.4,29.4,32.5,29.7,29.25,25.4,30.3
04-23,,34.0,34.3,34.599999999999994,31.4,31.5,33.1,31.0,31.2,30.450000000000003,30.950000000000003,29.65,30.700000000000003,32.1,31.549999999999997,33.4,30.0,32.0,29.5,29.3,25.45,30.4
04-24,,32.5,34.05,34.1,32.6,31.5,32.7,30.6,31.5,30.55,30.8,29.75,31.15,32.3,32.1,33.3,30.2,32.3,29.6,29.1,25.950000000000003,33.0
04-25,,31.6,34.45,34.2,33.5,31.2,32.4,30.0,31.3,31.6,30.950000000000003,29.5,31.45,31.75,31.900000000000002,33.3,30.5,32.4,29.2,29.2,25.75,34.2
04-26,,31.5,34.8,34.8,33.3,31.9,32.1,31.1,31.3,32.7,32.2,29.6,31.8,32.0,32.25,33.2,31.9,32.3,29.3,29.799999999999997,25.35,32.6
04-27,,31.3,36.15,35.0,34.0,31.9,31.5,31.9,31.1,32.0,32.55,30.45,31.5,31.95,31.45,31.9,32.0,32.3,29.3,30.2,24.95,31.9
04-28,,30.8,34.900000000000006,35.55,34.7,33.4,31.7,31.4,31.1,31.25,32.599999999999994,30.35,31.55,32.2,31.0,30.9,31.8,32.4,29.2,30.75,25.25,32.9
04-29,,30.6,35.15,36.900000000000006,34.4,33.2,31.6,31.2,31.0,31.25,32.55,30.2,31.5,32.45,30.9,30.7,31.8,33.5,30.1,30.65,26.15,32.8
04-30,,30.6,34.6,36.6,33.7,31.9,31.8,30.9,31.3,31.049999999999997,31.55,30.5,31.4,32.0,31.0,30.0,31.4,33.4,30.8,32.0,27.4,31.2
05-01,,30.6,34.95,36.3,32.8,31.3,33.4,30.8,30.8,29.9,30.85,30.55,30.85,32.349999999999994,31.15,29.7,31.1,32.9,30.6,31.8,28.2,31.0
05-02,,30.4,35.55,35.45,33.3,31.2,33.8,30.6,30.8,30.799999999999997,31.4,30.200000000000003,31.549999999999997,32.25,31.4,29.5,31.4,32.7,29.9,31.700000000000003,28.15,30.6
05-03,,30.5,34.75,34.8,33.3,32.4,33.5,31.0,30.8,30.55,31.700000000000003,31.3,31.55,32.05,32.0,30.6,32.3,32.4,29.6,31.25,30.0,31.6
05-04,,30.2,34.95,33.95,32.6,33.2,33.4,31.9,31.2,30.200000000000003,31.15,31.1,31.05,31.549999999999997,32.35,30.2,32.5,32.25,29.8,31.25,33.5,32.1
05-05,,30.1,37.05,33.25,31.8,33.2,34.8,31.7,31.6,29.25,30.799999999999997,30.95,30.8,31.3,32.900000000000006,29.1,32.7,31.5,29.3,32.45,31.25,31.2
05-06,,30.0,37.25,33.05,32.9,33.2,35.0,31.2,31.9,29.0,30.450000000000003,31.75,30.4,31.25,33.099999999999994,29.2,33.1,30.7,29.0,32.75,30.450000000000003,30.8
05-07,,29.9,36.95,33.25,32.8,33.2,35.0,31.5,32.0,28.75,30.4,31.1,30.25,31.2,32.7,29.1,33.0,30.4,28.7,31.700000000000003,30.25,30.4
05-08,,29.6,37.75,34.05,33.0,32.8,34.1,31.7,32.3,28.450000000000003,30.950000000000003,33.05,31.25,32.2,32.7,29.2,33.2,30.1,28.5,31.1,30.65,30.3
05-09,,29.6,36.75,33.1,32.7,32.6,34.8,33.2,31.5,27.9,30.549999999999997,33.05,31.4,31.799999999999997,32.900000000000006,28.9,33.2,29.8,28.2,30.799999999999997,31.15,30.8
05-10,,28.8,34.9,33.15,32.5,32.8,35.1,32.8,31.4,27.799999999999997,30.3,32.45,30.9,31.05,32.25,28.9,32.5,29.7,28.0,30.65,31.45,32.4
05-11,,32.9,35.8,33.5,32.0,33.9,35.4,33.1,31.7,27.6,31.3,31.950000000000003,30.5,30.85,31.7,28.7,31.5,29.4,27.6,30.3,32.25,32.8
05-12,,34.1,34.8,33.5,31.4,32.6,34.4,32.5,32.8,27.55,31.3,31.8,29.549999999999997,30.3,31.05,31.3,30.7,28.0,27.4,30.45,33.05,33.0
05-13,,32.150000000000006,34.3,35.05,30.3,33.1,33.1,32.8,34.6,27.25,29.4,31.05,28.9,30.1,31.95,31.3,30.3,27.6,27.2,31.2,34.75,32.9
05-14,,30.35,36.9,37.2,30.0,33.0,32.9,33.5,34.8,27.1,28.7,30.549999999999997,28.7,29.85,31.6,32.0,29.8,27.7,27.1,31.75,34.6,33.4
05-15,,29.25,38.25,37.05,29.6,33.1,33.0,33.9,33.8,26.95,28.15,30.200000000000003,29.2,29.4,31.45,30.7,29.8,28.6,27.0,32.0,34.4,33.4
05-16,,28.3,38.15,34.55,29.2,33.5,32.6,33.8,32.9,26.75,28.299999999999997,30.25,31.4,31.3,32.8,32.1,31.3,28.5,28.1,31.15,34.55,33.3
05-17,,26.65,37.05,33.95,28.8,33.4,32.4,35.1,32.3,26.5,28.7,30.049999999999997,32.1,31.3,32.150000000000006,31.6,32.8,28.4,26.7,30.7,33.95,33.3
05-18,,26.299999999999997,37.6,38.0,28.4,33.6,32.6,35.0,32.1,26.049999999999997,28.05,29.549999999999997,31.799999999999997,30.450000000000003,32.7,31.7,33.8,32.4,26.4,30.25,32.900000000000006,33.0
05-19,,25.2,37.65,36.4,27.7,34.2,32.3,35.3,32.9,25.5,29.15,29.2,32.75,31.6,33.15,31.8,33.5,32.7,26.5,29.9,32.35,32.3
05-20,,24.6,37.5,35.0,27.3,32.9,31.6,35.2,32.6,25.1,28.75,29.9,32.75,30.799999999999997,33.25,31.7,33.9,33.8,26.8,29.45,31.3,31.4
05-21,,24.5,36.65,35.7,26.7,32.5,30.7,33.7,33.9,24.6,27.85,30.65,32.55,30.299999999999997,32.8,32.1,32.9,33.2,26.9,29.049999999999997,32.3,31.2
05-22,,26.05,33.05,36.4,26.3,32.5,30.0,33.0,33.5,23.9,26.6,30.25,32.55,29.95,32.15,32.0,33.1,32.8,29.2,28.950000000000003,31.9,30.5
05-23,,25.9,32.599999999999994,34.4,26.1,33.2,30.0,33.1,34.2,23.65,25.95,29.65,33.25,30.15,31.85,32.3,33.3,32.0,29.2,28.65,31.7,30.3
05-24,,25.25,32.15,33.4,25.7,32.4,29.4,32.6,34.0,23.55,25.45,29.15,33.5,31.75,31.75,32.0,35.1,32.3,31.2,28.4,31.6,30.2
05-25,,25.0,31.75,32.4,25.6,32.1,29.1,33.2,34.6,23.35,27.2,28.85,33.65,31.4,31.5,30.5,33.8,31.7,31.2,28.35,33.1,30.8
05-26,,25.950000000000003,31.6,32.1,25.0,32.3,28.8,34.8,33.5,26.200000000000003,24.700000000000003,28.5,33.7,31.200000000000003,31.35,31.1,34.4,30.6,30.5,28.049999999999997,32.5,30.5
05-27,,33.2,31.2,33.6,24.7,33.6,28.4,34.2,32.9,28.9,24.299999999999997,28.25,33.05,30.8,31.15,33.2,35.3,30.1,29.5,27.85,32.0,30.1
05-28,,32.7,30.45,35.0,23.4,33.6,27.8,33.7,33.4,30.5,29.95,27.75,32.55,30.35,30.75,32.4,35.4,29.9,28.8,30.5,31.7,29.8
05-29,,30.8,32.55,35.1,22.0,32.7,26.9,33.7,32.6,29.4,30.2,27.4,31.75,30.1,29.5,31.7,33.4,29.3,28.8,31.5,31.4,29.4
05-30,,29.75,31.849999999999998,34.4,20.9,32.4,25.8,34.2,32.7,28.55,29.6,27.15,31.1,29.65,29.3,30.8,34.0,28.7,28.1,32.150000000000006,31.1,29.0
05-31,,28.700000000000003,34.8,33.6,19.8,31.8,26.4,34.3,33.0,27.75,28.9,26.65,30.55,28.85,28.55,30.8,33.5,27.7,27.7,32.1,31.3,28.9
06-01,,27.05,33.8,32.5,18.7,32.3,26.0,35.0,34.1,26.700000000000003,28.3,26.1,29.65,28.4,28.3,30.1,33.3,27.9,27.2,31.049999999999997,30.9,28.8
06-02,,25.55,32.7,31.7,19.2,32.0,28.0,34.4,33.1,25.5,27.35,25.2,28.55,28.15,27.950000000000003,29.6,32.6,27.2,26.3,30.35,30.7,28.7
06-03,,23.2,32.3,31.3,18.1,33.9,28.1,34.9,33.8,24.75,26.25,24.6,27.65,27.950000000000003,27.6,29.1,32.4,26.2,25.3,29.85,31.0,28.6
06-04,,21.85,31.85,30.9,16.6,33.5,26.6,34.6,33.9,24.05,25.450000000000003,24.1,31.6,26.9,27.1,27.8,31.8,25.4,25.2,29.1,30.9,28.6
06-05,,20.65,31.450000000000003,30.7,19.3,32.8,27.4,34.4,34.4,24.65,24.45,23.2,31.4,25.799999999999997,26.05,27.3,31.3,24.1,24.2,30.9,30.3,28.4
06-06,,20.200000000000003,31.2,30.1,21.6,32.2,33.7,33.2,35.1,28.15,23.55,22.25,31.05,25.4,25.45,26.1,30.6,25.0,23.7,30.4,30.3,29.1
06-07,,19.7,33.3,30.2,22.6,31.6,31.9,32.2,35.0,27.45,23.15,21.35,30.45,24.799999999999997,24.95,25.3,30.3,26.1,23.5,29.5,30.1,28.4
06-08,,19.15,34.2,29.7,24.5,31.2,30.5,31.5,33.8,26.65,22.8,20.65,29.6,24.1,24.15,24.1,29.9,29.1,23.2,28.9,29.8,28.7
06-09,,19.15,33.25,30.7,23.9,30.6,32.0,31.1,33.7,26.200000000000003,21.950000000000003,19.6,28.85,23.45,24.15,23.3,29.7,31.1,22.7,28.200000000000003,31.4,28.1
06-10,,24.8,33.400000000000006,30.2,23.0,30.2,32.5,31.1,32.8,25.85,21.45,19.05,29.6,22.6,23.65,22.8,29.6,29.5,23.6,27.2,30.5,27.3
06-11,,23.85,34.7,29.3,21.7,29.6,32.3,30.7,33.4,25.15,21.049999999999997,18.45,28.9,22.1,24.35,22.4,29.7,28.2,23.7,26.7,31.4,26.7
06-12,,23.15,33.650000000000006,28.6,20.3,28.8,32.7,30.5,33.0,24.1,20.35,18.0,27.65,21.549999999999997,28.6,21.9,29.1,26.5,23.1,27.95,31.3,26.2
06-13,,22.15,32.95,31.5,19.2,28.2,34.4,30.4,32.6,23.15,19.75,17.2,26.75,20.9,31.450000000000003,21.4,29.2,28.1,22.5,27.2,31.2,25.8
06-14,,21.55,32.0,32.8,19.0,26.6,33.7,30.0,32.4,22.3,19.2,16.549999999999997,25.65,19.95,30.9,20.9,28.7,27.1,21.5,26.6,31.3,25.3
06-15,,21.1,31.1,31.9,18.7,25.1,33.0,29.2,32.2,21.6,19.15,16.3,24.7,19.3,30.15,19.3,28.1,27.4,20.8,26.0,30.5,24.9
06-16,,20.35,29.95,30.9,18.3,23.3,33.1,29.1,32.0,21.05,18.75,16.0,23.4,18.799999999999997,29.95,17.7,27.1,29.6,20.1,24.55,30.0,24.5
06-17,,19.65,31.9,30.6,17.8,22.6,32.6,28.7,31.6,20.4,18.15,15.5,22.549999999999997,18.200000000000003,29.5,19.8,26.3,28.9,19.3,25.1,29.5,24.3
06-18,,19.4,30.95,30.1,16.7,21.7,32.0,28.2,33.9,20.15,17.65,16.15,21.5,17.75,28.4,20.1,25.8,28.7,18.5,23.8,28.7,23.9
06-19,,19.0,30.35,29.9,15.6,21.35,33.4,27.8,33.9,19.799999999999997,16.8,15.9,20.65,17.35,27.5,21.0,25.0,28.4,18.1,24.549999999999997,27.3,23.4
06-20,,18.6,28.85,29.1,15.1,20.2,34.1,26.9,32.4,19.6,16.8,15.75,19.6,17.0,26.25,20.4,24.6,28.1,17.7,23.25,27.0,23.0
06-21,,18.0,27.05,26.1,15.2,19.4,33.5,25.8,31.0,19.25,16.9,15.5,18.8,16.65,25.9,20.1,24.3,26.2,16.7,23.049999999999997,27.4,22.5
06-22,,17.75,26.35,25.6,15.0,19.0,32.4,24.7,30.7,18.05,16.549999999999997,15.2,18.2,15.7,25.200000000000003,19.8,23.8,25.0,16.8,22.8,27.3,21.9
06-23,,17.5,25.6,24.4,14.4,18.8,31.2,24.1,30.3,17.4,16.35,15.0,17.85,14.9,24.3,19.3,23.4,24.4,16.2,21.65,27.0,21.1
06-24,,17.15,24.75,24.4,13.8,18.1,30.4,23.4,29.4,17.1,16.15,14.65,17.1,14.350000000000001,23.2,19.0,22.7,26.2,15.9,20.700000000000003,26.7,20.4
06-25,,16.95,26.6,22.4,13.3,17.6,29.8,25.5,28.6,16.7,16.05,13.95,16.35,13.95,22.0,18.1,22.0,25.6,15.4,20.35,26.3,19.6
06-26,,16.7,25.85,21.7,12.4,17.1,29.3,25.2,27.9,16.45,15.850000000000001,14.5,15.55,13.15,20.5,16.6,20.9,24.9,15.2,19.7,25.4,19.2
06-27,,20.95,25.35,21.5,11.7,16.6,28.2,24.7,27.2,16.15,15.9,14.3,15.100000000000001,13.100000000000001,19.8,16.0,20.2,23.8,14.9,19.450000000000003,25.8,18.5
06-28,,31.5,25.1,17.15,11.7,16.2,27.1,23.7,26.4,15.75,14.95,14.15,14.399999999999999,12.75,19.1,15.7,19.6,23.3,14.6,18.85,24.2,18.2
06-29,,30.8,24.5,16.75,11.6,14.9,26.5,22.0,25.9,15.2,14.649999999999999,13.95,13.9,12.65,18.4,15.6,19.0,29.0,14.2,18.15,23.4,17.5
06-30,,33.0,23.9,16.45,11.6,14.2,25.7,21.6,25.4,14.7,14.25,13.8,13.5,12.350000000000001,17.950000000000003,15.3,18.75,30.0,14.2,17.65,23.5,16.9
07-01,,31.8,22.6,16.35,11.7,13.9,25.8,19.6,24.8,14.45,13.5,13.7,13.149999999999999,12.25,17.6,14.7,17.4,27.5,14.3,17.0,24.0,16.2
07-02,,29.1,21.35,18.700000000000003,11.4,13.9,25.5,18.6,23.2,14.0,13.25,13.100000000000001,13.0,12.05,16.8,14.2,17.3,27.0,14.6,17.6,23.7,16.0
07-03,,28.6,20.4,18.2,11.4,13.8,24.7,18.4,22.2,13.600000000000001,13.0,12.899999999999999,12.649999999999999,11.850000000000001,15.95,13.5,16.8,26.8,14.4,16.85,23.0,15.6
07-04,,28.6,19.799999999999997,16.2,11.6,13.2,24.6,17.5,21.4,13.35,14.0,12.8,12.3,11.45,15.45,13.3,16.4,26.3,14.2,16.75,22.4,15.2
07-05,,28.6,19.25,16.1,11.3,13.0,24.5,16.9,20.6,13.0,13.05,12.45,11.95,11.05,14.8,12.7,15.7,24.8,14.5,16.4,21.9,14.6
07-06,,28.6,18.85,16.05,11.2,12.8,22.9,16.3,20.2,12.95,12.899999999999999,12.100000000000001,11.5,10.95,13.95,12.5,15.4,24.0,14.3,16.5,21.2,14.5
07-07,,28.6,18.65,15.75,10.6,12.4,21.2,15.4,19.4,12.45,12.8,11.75,10.95,10.6,13.649999999999999,12.3,15.1,23.9,13.6,16.049999999999997,20.9,14.0
07-08,,28.6,18.05,15.55,10.6,12.2,20.1,15.1,19.3,12.3,12.2,11.45,11.100000000000001,10.4,13.15,11.9,14.9,23.0,13.3,15.9,21.0,13.7
07-09,25.2,28.6,18.0,15.5,10.3,12.3,19.0,14.7,18.8,11.9,12.15,11.35,11.05,10.3,12.850000000000001,11.6,14.6,22.3,13.1,15.399999999999999,20.4,13.3
07-10,24.4,28.6,17.25,15.15,10.1,12.2,17.8,14.4,18.2,11.9,11.85,11.2,11.149999999999999,9.95,12.15,11.1,14.3,21.7,12.6,15.1,19.6,13.3
07-11,23.6,28.6,16.7,15.05,10.2,11.3,17.3,14.3,17.7,11.85,11.45,11.95,11.2,10.0,11.899999999999999,11.0,14.3,21.1,13.2,14.649999999999999,19.0,12.9
07-12,23.0,28.6,16.5,14.850000000000001,10.0,11.1,16.8,14.1,17.9,11.45,11.35,11.850000000000001,11.75,9.850000000000001,11.649999999999999,10.9,14.2,19.7,13.0,14.4,18.3,14.0
07-13,22.3,28.6,16.15,14.6,9.8,11.0,16.0,14.1,18.0,11.35,10.850000000000001,11.7,11.75,9.65,11.6,10.6,13.8,18.8,12.7,14.2,17.7,13.7
07-14,21.7,28.6,15.25,14.45,9.8,10.7,15.4,13.2,17.6,11.25,10.8,11.6,11.75,9.65,11.25,10.5,13.4,18.5,12.2,13.8,17.1,14.0
07-15,20.0,28.6,15.5,14.05,9.5,10.5,14.7,12.5,16.7,11.05,10.75,11.0,11.5,9.75,10.899999999999999,10.4,13.0,18.4,11.9,13.5,16.5,13.3
07-16,19.1,28.6,15.350000000000001,13.55,9.6,10.5,14.0,12.4,16.3,12.25,10.55,10.75,11.55,9.399999999999999,10.7,10.4,12.7,18.3,11.7,13.100000000000001,15.8,13.65
07-17,19.1,28.6,15.15,13.399999999999999,9.6,10.5,14.0,11.7,15.9,11.7,10.45,10.5,11.1,9.7,10.75,10.4,12.8,17.8,11.6,12.85,15.4,13.15
07-18,19.2,28.6,14.649999999999999,13.3,9.4,10.1,14.1,11.2,15.3,11.7,10.55,10.5,10.75,9.649999999999999,10.55,10.7,12.3,17.2,11.4,12.5,15.7,12.8
07-19,19.2,31.6,14.65,12.9,9.8,10.2,13.6,11.0,15.0,11.1,10.25,10.3,10.9,9.149999999999999,10.35,10.3,12.1,16.3,11.4,12.5,14.9,12.7
07-20,19.3,31.3,14.3,12.75,9.5,10.1,13.6,10.8,14.3,11.0,9.95,10.3,10.7,9.2,9.899999999999999,10.2,12.0,16.1,11.5,12.149999999999999,14.3,12.7
07-21,19.5,30.4,14.35,12.8,9.3,9.9,13.1,10.6,14.2,10.9,9.8,10.65,10.8,9.25,9.85,10.0,11.7,15.8,12.15,12.1,13.6,11.850000000000001
07-22,19.3,31.2,14.0,12.65,9.7,9.8,13.1,10.4,13.9,10.55,9.6,11.2,11.3,9.149999999999999,9.899999999999999,9.7,11.8,16.3,11.5,11.850000000000001,13.3,11.75
07-23,19.4,31.0,13.7,12.8,9.2,9.8,12.9,11.6,13.6,10.3,9.75,11.1,11.3,9.0,9.45,9.8,11.7,15.8,11.3,11.8,12.9,11.7
07-24,19.4,30.4,13.45,12.95,9.2,9.9,12.3,10.4,13.5,11.3,9.2,10.6,11.5,9.100000000000001,9.7,9.5,11.7,16.1,11.5,11.6,12.9,13.6
07-25,19.5,29.2,13.5,12.75,9.0,10.0,12.0,10.4,13.1,11.3,9.4,10.2,11.8,9.05,9.75,9.5,11.5,15.3,11.1,11.6,12.6,13.35
07-26,19.4,28.2,13.05,12.7,8.9,9.8,11.6,10.1,12.8,11.3,9.4,10.25,11.5,8.9,10.5,9.2,11.4,16.0,11.0,11.4,12.3,13.6
07-27,19.5,27.0,12.95,12.45,9.2,10.0,11.6,10.1,12.7,11.1,9.3,10.25,11.6,9.149999999999999,11.2,9.3,11.5,15.6,11.1,11.4,12.4,12.600000000000001
07-28,19.4,25.9,13.05,12.6,9.4,9.9,11.4,9.9,12.7,10.9,9.100000000000001,10.149999999999999,11.45,8.95,11.0,8.8,11.3,15.3,10.8,11.4,12.1,11.4
07-29,19.4,25.2,12.75,12.25,9.4,9.8,11.3,10.2,12.6,11.1,9.149999999999999,10.3,11.149999999999999,9.05,10.7,8.7,11.3,15.5,10.9,11.25,12.1,11.5
07-30,19.3,24.4,12.8,12.0,9.0,9.3,11.0,10.2,12.4,11.0,9.3,10.05,11.05,8.9,10.4,8.7,11.3,14.9,11.5,11.2,12.0,11.3
07-31,19.2,23.7,12.65,11.35,9.1,9.6,11.0,10.3,12.9,9.6,9.2,9.95,11.1,8.7,10.15,9.0,11.3,14.4,12.1,11.2,11.8,11.600000000000001
08-01,19.1,23.2,12.45,11.350000000000001,9.3,9.6,10.8,10.0,13.0,9.5,8.95,10.0,10.75,8.75,9.899999999999999,8.6,10.9,14.0,12.3,11.0,11.6,11.35
08-02,19.4,22.2,12.55,11.5,8.7,9.6,11.0,9.9,13.0,9.45,8.9,9.95,10.65,8.5,10.0,8.3,10.7,13.6,12.4,11.1,11.7,11.2
08-03,19.3,21.8,12.45,11.3,8.8,9.4,10.8,9.7,12.6,9.45,9.100000000000001,10.0,10.649999999999999,8.25,9.95,8.3,10.6,13.5,11.5,10.9,12.6,11.2
08-04,19.3,21.2,12.350000000000001,11.05,9.1,9.4,10.7,9.6,12.6,9.399999999999999,8.95,10.5,10.6,8.3,9.850000000000001,7.9,10.7,13.3,11.3,11.05,12.3,11.3
08-05,19.1,20.8,12.350000000000001,11.05,8.5,9.4,10.6,9.5,12.899999999999999,8.95,8.95,12.3,10.6,8.2,9.5,7.9,10.6,13.0,11.4,11.05,12.3,11.149999999999999
08-06,18.9,20.3,12.4,11.1,8.6,9.3,10.8,9.5,12.3,9.05,8.850000000000001,16.1,10.6,8.2,9.350000000000001,8.1,10.4,12.8,11.1,10.899999999999999,12.2,
08-07,19.1,19.9,12.2,10.850000000000001,8.5,9.4,14.4,9.7,12.2,9.1,9.0,16.200000000000003,14.2,8.0,9.15,8.1,10.6,12.5,11.0,11.05,12.2,
08-08,19.0,19.6,11.2,11.1,8.8,9.3,15.4,9.4,12.0,9.25,8.8,16.25,13.55,8.05,9.2,8.3,10.8,12.3,11.0,11.25,12.1,
08-09,19.0,19.4,11.0,10.9,8.4,9.4,15.4,9.4,11.8,9.15,8.9,16.35,12.8,7.9,9.25,8.2,10.6,12.4,10.95,11.1,12.1,
08-10,18.7,18.9,10.95,10.8,8.7,9.4,15.7,9.3,12.1,9.100000000000001,8.850000000000001,16.65,12.75,7.75,9.399999999999999,8.2,10.4,12.0,11.0,11.05,12.0,
08-11,18.8,18.8,10.600000000000001,10.8,9.1,9.2,15.7,11.15,11.6,8.9,8.85,16.6,12.65,8.1,9.45,8.2,10.5,11.5,10.8,11.1,11.3,
08-12,18.6,18.6,10.850000000000001,10.75,8.8,9.0,15.7,9.3,11.4,9.05,8.5,17.15,11.9,8.100000000000001,9.2,8.0,10.5,11.7,11.0,10.95,11.9,
08-13,18.7,18.4,10.55,10.65,8.7,9.0,15.7,9.7,11.7,9.0,8.75,17.799999999999997,11.35,8.15,9.25,7.9,11.899999999999999,11.3,11.0,11.05,11.3,
08-14,18.7,17.9,10.4,10.5,8.7,9.1,14.4,9.7,11.1,9.0,8.8,17.35,11.05,8.15,9.45,7.9,10.5,11.4,11.1,10.95,11.399999999999999,
08-15,18.7,27.7,10.4,10.25,8.5,9.2,13.4,10.0,11.0,9.5,9.0,17.049999999999997,10.85,8.2,9.35,7.9,10.3,11.0,10.9,10.9,11.0,
08-16,18.7,27.8,10.75,10.4,8.9,8.8,13.0,9.9,11.0,8.65,8.7,17.049999999999997,10.8,8.05,9.4,7.7,10.4,10.9,10.6,10.850000000000001,11.35,
08-17,18.4,27.4,10.8,10.100000000000001,8.9,8.9,12.5,9.9,10.850000000000001,8.9,8.75,16.65,10.6,7.95,9.15,7.9,10.1,11.1,10.6,10.850000000000001,11.0,
08-18,18.4,27.4,10.6,10.149999999999999,8.6,9.3,12.1,10.0,11.3,8.95,8.85,16.450000000000003,10.3,8.0,9.55,8.2,10.2,11.3,10.5,10.850000000000001,11.0,
08-19,18.4,27.6,10.65,10.0,8.4,8.7,12.2,9.6,10.6,8.75,8.75,15.7,9.9,7.9,9.25,8.7,10.0,11.1,10.4,11.2,10.850000000000001,
08-20,18.5,27.3,10.649999999999999,10.100000000000001,8.2,8.9,12.2,9.6,10.9,8.600000000000001,8.55,15.1,9.850000000000001,7.75,9.25,8.4,10.2,10.9,10.3,11.2,13.149999999999999,
08-21,18.4,27.5,10.75,10.05,8.3,8.8,12.0,9.3,10.9,8.6,8.75,14.95,10.149999999999999,7.65,9.3,8.3,10.2,10.8,10.3,11.2,13.649999999999999,
08-22,20.6,27.3,10.5,10.0,8.2,8.8,11.2,9.1,10.5,8.6,8.65,14.600000000000001,9.65,7.699999999999999,9.2,8.3,10.2,10.8,10.4,11.2,14.55,
08-23,20.5,27.2,10.45,9.8,8.4,8.8,11.8,9.2,10.3,9.0,8.65,14.8,9.8,7.4,9.2,8.3,9.9,10.6,10.1,11.149999999999999,15.3,
08-24,20.5,27.4,10.149999999999999,9.8,8.4,8.6,13.0,9.0,11.1,8.7,8.8,14.649999999999999,9.7,7.199999999999999,9.2,8.2,10.1,10.6,10.1,11.05,15.25,
08-25,20.6,27.5,10.2,9.7,8.1,8.6,12.7,9.0,11.9,8.6,8.8,14.55,9.55,7.199999999999999,9.149999999999999,8.2,9.9,10.6,9.9,11.05,14.85,
08-26,20.3,27.1,9.9,9.7,8.6,8.4,11.9,9.0,10.4,8.65,8.15,14.3,9.45,7.1,9.3,8.2,10.0,10.9,10.0,11.0,15.100000000000001,
08-27,20.4,27.3,9.75,9.7,8.3,8.5,11.9,9.0,10.4,8.6,8.65,14.05,9.649999999999999,7.300000000000001,9.05,8.1,10.0,10.7,9.9,10.75,15.0,
08-28,20.0,27.2,9.55,9.600000000000001,8.4,8.3,10.8,8.8,10.3,8.55,8.6,13.100000000000001,9.55,7.3,9.1,8.2,10.1,10.6,10.0,10.55,14.65,
08-29,20.1,27.2,9.5,9.600000000000001,8.4,8.4,11.0,8.3,10.3,8.45,8.399999999999999,12.05,9.7,7.4,9.2,8.2,9.9,10.6,10.0,10.5,14.05,
08-30,20.2,26.7,9.35,9.45,8.5,8.4,10.7,8.3,10.5,8.7,8.55,11.55,9.5,7.35,9.149999999999999,8.1,9.7,10.6,10.0,10.5,13.4,
08-31,20.1,26.3,9.05,9.1,8.8,8.2,10.8,8.6,10.1,8.45,8.3,11.25,9.45,7.65,9.05,7.9,9.6,10.5,9.7,10.45,12.75,
09-01,20.3,25.7,9.2,9.1,8.6,8.1,10.7,8.6,9.9,8.35,8.65,11.2,9.350000000000001,7.55,8.600000000000001,7.8,9.8,10.4,9.7,10.5,12.1,
09-02,20.3,25.2,9.25,9.4,8.1,8.0,10.4,8.7,9.9,8.35,7.9,11.05,9.4,7.45,8.95,7.6,9.5,10.2,9.8,10.3,15.75,
09-03,20.3,24.4,9.25,9.5,8.0,7.9,10.6,8.8,9.7,8.25,9.600000000000001,10.850000000000001,9.399999999999999,7.4,8.9,7.8,9.4,10.6,9.6,10.350000000000001,24.549999999999997,
09-04,20.0,24.1,9.05,9.45,7.9,8.2,10.6,8.5,9.8,8.25,10.8,10.8,9.399999999999999,7.4,8.75,7.9,9.6,10.6,9.6,10.100000000000001,24.8,
09-05,20.3,24.2,9.0,9.399999999999999,7.9,8.2,10.5,8.6,9.95,8.25,10.95,10.6,9.15,6.949999999999999,8.649999999999999,8.0,9.7,10.3,9.2,9.899999999999999,25.15,
09-06,19.7,23.8,9.05,9.6,7.9,8.1,10.1,8.6,9.7,8.15,10.75,10.6,9.0,7.05,8.600000000000001,8.0,9.5,10.6,9.4,9.95,24.75,
09-07,19.6,23.5,9.0,9.6,7.8,8.1,10.1,8.65,9.7,8.05,11.0,10.75,9.05,7.2,8.4,8.1,10.3,10.3,9.1,9.7,24.65,
09-08,18.6,23.2,9.1,9.4,7.8,8.0,10.1,10.2,9.6,8.100000000000001,10.8,10.649999999999999,8.85,7.199999999999999,8.5,7.7,13.0,9.9,9.4,9.9,24.0,
09-09,18.2,22.6,9.65,9.0,7.7,8.0,9.8,11.6,9.6,8.25,10.55,10.600000000000001,8.85,7.050000000000001,8.55,8.1,12.7,10.1,9.2,9.8,23.5,
09-10,18.2,22.5,10.0,9.0,7.5,8.0,9.8,15.2,9.8,8.350000000000001,9.95,10.6,8.95,7.199999999999999,8.4,7.9,12.3,9.8,10.0,9.65,22.700000000000003,
09-11,18.7,22.1,10.0,9.0,7.6,8.1,9.9,16.0,9.7,8.2,10.6,10.45,9.2,7.15,8.2,8.0,11.6,10.25,10.0,9.55,22.0,
09-12,18.1,21.7,9.75,8.8,7.5,7.9,9.7,16.5,9.7,8.0,10.85,10.45,9.1,6.95,9.100000000000001,7.5,12.1,10.0,9.8,9.65,21.2,
09-13,17.8,21.2,9.8,9.0,7.8,8.0,9.8,17.0,9.7,8.1,10.75,10.35,9.2,7.65,8.35,7.8,11.9,9.6,9.8,9.45,20.1,
09-14,18.3,20.3,10.0,8.4,7.6,8.0,9.9,17.0,9.6,7.9,10.7,10.45,10.8,8.6,9.2,7.7,11.6,9.8,9.7,9.3,19.7,
09-15,18.6,20.6,10.0,8.3,7.4,7.9,9.9,17.0,9.7,7.95,10.899999999999999,10.45,10.8,8.95,9.35,7.6,11.7,9.8,9.8,9.8,19.3,
09-16,18.2,20.4,9.95,7.8,7.4,8.0,9.8,16.9,9.8,7.95,10.8,10.45,11.850000000000001,8.9,9.5,7.6,11.8,9.7,9.6,9.9,19.0,
09-17,18.7,20.6,10.05,7.9,7.3,8.1,9.6,15.5,9.7,8.0,10.5,10.5,11.7,8.8,9.25,7.6,11.5,9.7,9.6,9.95,18.6,
09-18,18.7,21.1,9.95,8.3,7.3,8.1,9.8,15.0,9.6,7.949999999999999,11.7,10.600000000000001,11.7,8.8,9.75,7.5,11.4,9.6,9.8,10.15,18.4,
09-19,18.9,21.0,10.05,8.8,7.2,7.9,9.8,15.0,9.5,7.85,10.4,10.399999999999999,11.55,8.95,9.3,7.1,11.6,9.6,10.0,9.649999999999999,18.0,
09-20,18.8,21.8,10.2,8.5,7.3,8.0,9.6,14.8,9.6,7.699999999999999,10.05,10.5,11.4,8.95,9.35,7.2,15.6,9.5,9.7,9.55,17.8,
09-21,18.8,22.4,10.6,9.9,7.6,7.9,9.8,15.0,9.3,7.8,10.25,10.55,11.5,9.8,10.9,7.6,16.5,9.9,9.7,9.5,17.7,
09-22,18.6,23.1,10.55,10.1,7.7,7.7,9.5,14.7,9.6,8.2,10.3,10.399999999999999,11.5,10.05,11.25,7.4,16.4,9.7,9.8,9.3,17.7,
09-23,18.7,23.6,10.55,10.0,9.6,7.8,9.6,15.0,9.4,7.95,9.75,10.45,11.25,11.350000000000001,11.5,7.4,16.6,9.7,9.8,9.35,17.5,
09-24,18.7,23.7,10.6,10.1,12.3,7.7,9.6,14.9,9.2,7.85,10.75,10.399999999999999,10.85,11.1,11.7,7.4,16.7,9.7,9.8,9.25,17.3,
09-25,18.8,24.1,10.6,10.1,12.4,8.0,9.6,14.9,9.7,7.85,10.9,10.35,10.7,10.25,11.95,7.4,17.0,9.6,9.8,9.399999999999999,17.1,
09-26,18.4,24.2,10.350000000000001,9.8,12.3,7.9,9.8,14.9,9.3,7.9,13.850000000000001,10.2,10.2,10.2,11.95,7.3,19.0,9.8,10.0,9.25,16.6,
09-27,18.0,24.2,12.100000000000001,9.7,11.8,7.8,9.8,15.0,9.4,8.15,16.4,11.4,10.2,11.05,12.05,7.2,17.0,9.7,9.8,9.149999999999999,16.1,
09-28,17.7,24.0,11.3,10.0,11.1,8.1,9.3,14.9,9.3,8.25,19.1,12.5,10.05,12.3,11.9,7.6,17.1,9.5,9.8,9.2,15.8,
09-29,17.4,23.9,10.899999999999999,10.1,10.9,7.6,9.6,14.8,9.4,8.3,18.9,21.049999999999997,10.05,12.350000000000001,12.0,7.4,16.9,9.5,9.7,8.9,15.6,
09-30,17.5,24.0,10.899999999999999,10.4,13.3,8.0,9.4,14.5,9.3,8.0,19.5,18.9,10.1,12.25,12.149999999999999,7.4,17.0,9.4,9.7,8.899999999999999,17.0,
